FOVId,ge_wellID,well_position,fov_path,microscope,image_date,probe488,probe546,probe647,plate_name,cell_line,cell_age,notes
898,97,B2,/allen/aics/assay-dev/MicroscopyData/Melissa/2019/20190807/63x_exports/20190807_M01_001_Capture 1 - Capture 1 - B2 [144] Montage - 1,3i,2019-08-07,,HPRT1-B1,COL2A1-B4,5500000013,AICS-75,18,
899,97,B2,/allen/aics/assay-dev/MicroscopyData/Melissa/2019/20190807/63x_exports/20190807_M01_001_Capture 1 - Capture 1 - B2 [144] Montage - 10,3i,2019-08-07,,HPRT1-B1,COL2A1-B4,5500000013,AICS-75,18,
900,97,B2,/allen/aics/assay-dev/MicroscopyData/Melissa/2019/20190807/63x_exports/20190807_M01_001_Capture 1 - Capture 1 - B2 [144] Montage - 11,3i,2019-08-07,,HPRT1-B1,COL2A1-B4,5500000013,AICS-75,18,
901,97,B2,/allen/aics/assay-dev/MicroscopyData/Melissa/2019/20190807/63x_exports/20190807_M01_001_Capture 1 - Capture 1 - B2 [144] Montage - 12,3i,2019-08-07,,HPRT1-B1,COL2A1-B4,5500000013,AICS-75,18,
902,97,B2,/allen/aics/assay-dev/MicroscopyData/Melissa/2019/20190807/63x_exports/20190807_M01_001_Capture 1 - Capture 1 - B2 [144] Montage - 13,3i,2019-08-07,,HPRT1-B1,COL2A1-B4,5500000013,AICS-75,18,
903,97,B2,/allen/aics/assay-dev/MicroscopyData/Melissa/2019/20190807/63x_exports/20190807_M01_001_Capture 1 - Capture 1 - B2 [144] Montage - 14,3i,2019-08-07,,HPRT1-B1,COL2A1-B4,5500000013,AICS-75,18,
904,97,B2,/allen/aics/assay-dev/MicroscopyData/Melissa/2019/20190807/63x_exports/20190807_M01_001_Capture 1 - Capture 1 - B2 [144] Montage - 15,3i,2019-08-07,,HPRT1-B1,COL2A1-B4,5500000013,AICS-75,18,
905,97,B2,/allen/aics/assay-dev/MicroscopyData/Melissa/2019/20190807/63x_exports/20190807_M01_001_Capture 1 - Capture 1 - B2 [144] Montage - 16,3i,2019-08-07,,HPRT1-B1,COL2A1-B4,5500000013,AICS-75,18,
906,97,B2,/allen/aics/assay-dev/MicroscopyData/Melissa/2019/20190807/63x_exports/20190807_M01_001_Capture 1 - Capture 1 - B2 [144] Montage - 17,3i,2019-08-07,,HPRT1-B1,COL2A1-B4,5500000013,AICS-75,18,
907,97,B2,/allen/aics/assay-dev/MicroscopyData/Melissa/2019/20190807/63x_exports/20190807_M01_001_Capture 1 - Capture 1 - B2 [144] Montage - 18,3i,2019-08-07,,HPRT1-B1,COL2A1-B4,5500000013,AICS-75,18,
908,97,B2,/allen/aics/assay-dev/MicroscopyData/Melissa/2019/20190807/63x_exports/20190807_M01_001_Capture 1 - Capture 1 - B2 [144] Montage - 19,3i,2019-08-07,,HPRT1-B1,COL2A1-B4,5500000013,AICS-75,18,
909,97,B2,/allen/aics/assay-dev/MicroscopyData/Melissa/2019/20190807/63x_exports/20190807_M01_001_Capture 1 - Capture 1 - B2 [144] Montage - 2,3i,2019-08-07,,HPRT1-B1,COL2A1-B4,5500000013,AICS-75,18,
910,97,B2,/allen/aics/assay-dev/MicroscopyData/Melissa/2019/20190807/63x_exports/20190807_M01_001_Capture 1 - Capture 1 - B2 [144] Montage - 20,3i,2019-08-07,,HPRT1-B1,COL2A1-B4,5500000013,AICS-75,18,
911,97,B2,/allen/aics/assay-dev/MicroscopyData/Melissa/2019/20190807/63x_exports/20190807_M01_001_Capture 1 - Capture 1 - B2 [144] Montage - 21,3i,2019-08-07,,HPRT1-B1,COL2A1-B4,5500000013,AICS-75,18,
912,97,B2,/allen/aics/assay-dev/MicroscopyData/Melissa/2019/20190807/63x_exports/20190807_M01_001_Capture 1 - Capture 1 - B2 [144] Montage - 22,3i,2019-08-07,,HPRT1-B1,COL2A1-B4,5500000013,AICS-75,18,
913,97,B2,/allen/aics/assay-dev/MicroscopyData/Melissa/2019/20190807/63x_exports/20190807_M01_001_Capture 1 - Capture 1 - B2 [144] Montage - 23,3i,2019-08-07,,HPRT1-B1,COL2A1-B4,5500000013,AICS-75,18,
914,97,B2,/allen/aics/assay-dev/MicroscopyData/Melissa/2019/20190807/63x_exports/20190807_M01_001_Capture 1 - Capture 1 - B2 [144] Montage - 24,3i,2019-08-07,,HPRT1-B1,COL2A1-B4,5500000013,AICS-75,18,
915,97,B2,/allen/aics/assay-dev/MicroscopyData/Melissa/2019/20190807/63x_exports/20190807_M01_001_Capture 1 - Capture 1 - B2 [144] Montage - 25,3i,2019-08-07,,HPRT1-B1,COL2A1-B4,5500000013,AICS-75,18,
916,97,B2,/allen/aics/assay-dev/MicroscopyData/Melissa/2019/20190807/63x_exports/20190807_M01_001_Capture 1 - Capture 1 - B2 [144] Montage - 26,3i,2019-08-07,,HPRT1-B1,COL2A1-B4,5500000013,AICS-75,18,
917,97,B2,/allen/aics/assay-dev/MicroscopyData/Melissa/2019/20190807/63x_exports/20190807_M01_001_Capture 1 - Capture 1 - B2 [144] Montage - 27,3i,2019-08-07,,HPRT1-B1,COL2A1-B4,5500000013,AICS-75,18,
918,97,B2,/allen/aics/assay-dev/MicroscopyData/Melissa/2019/20190807/63x_exports/20190807_M01_001_Capture 1 - Capture 1 - B2 [144] Montage - 28,3i,2019-08-07,,HPRT1-B1,COL2A1-B4,5500000013,AICS-75,18,
919,97,B2,/allen/aics/assay-dev/MicroscopyData/Melissa/2019/20190807/63x_exports/20190807_M01_001_Capture 1 - Capture 1 - B2 [144] Montage - 29,3i,2019-08-07,,HPRT1-B1,COL2A1-B4,5500000013,AICS-75,18,
920,97,B2,/allen/aics/assay-dev/MicroscopyData/Melissa/2019/20190807/63x_exports/20190807_M01_001_Capture 1 - Capture 1 - B2 [144] Montage - 3,3i,2019-08-07,,HPRT1-B1,COL2A1-B4,5500000013,AICS-75,18,
921,97,B2,/allen/aics/assay-dev/MicroscopyData/Melissa/2019/20190807/63x_exports/20190807_M01_001_Capture 1 - Capture 1 - B2 [144] Montage - 30,3i,2019-08-07,,HPRT1-B1,COL2A1-B4,5500000013,AICS-75,18,
922,97,B2,/allen/aics/assay-dev/MicroscopyData/Melissa/2019/20190807/63x_exports/20190807_M01_001_Capture 1 - Capture 1 - B2 [144] Montage - 4,3i,2019-08-07,,HPRT1-B1,COL2A1-B4,5500000013,AICS-75,18,
923,97,B2,/allen/aics/assay-dev/MicroscopyData/Melissa/2019/20190807/63x_exports/20190807_M01_001_Capture 1 - Capture 1 - B2 [144] Montage - 5,3i,2019-08-07,,HPRT1-B1,COL2A1-B4,5500000013,AICS-75,18,
924,97,B2,/allen/aics/assay-dev/MicroscopyData/Melissa/2019/20190807/63x_exports/20190807_M01_001_Capture 1 - Capture 1 - B2 [144] Montage - 6,3i,2019-08-07,,HPRT1-B1,COL2A1-B4,5500000013,AICS-75,18,
925,97,B2,/allen/aics/assay-dev/MicroscopyData/Melissa/2019/20190807/63x_exports/20190807_M01_001_Capture 1 - Capture 1 - B2 [144] Montage - 7,3i,2019-08-07,,HPRT1-B1,COL2A1-B4,5500000013,AICS-75,18,
926,97,B2,/allen/aics/assay-dev/MicroscopyData/Melissa/2019/20190807/63x_exports/20190807_M01_001_Capture 1 - Capture 1 - B2 [144] Montage - 8,3i,2019-08-07,,HPRT1-B1,COL2A1-B4,5500000013,AICS-75,18,
927,97,B2,/allen/aics/assay-dev/MicroscopyData/Melissa/2019/20190807/63x_exports/20190807_M01_001_Capture 1 - Capture 1 - B2 [144] Montage - 9,3i,2019-08-07,,HPRT1-B1,COL2A1-B4,5500000013,AICS-75,18,
928,98,B3,/allen/aics/assay-dev/MicroscopyData/Melissa/2019/20190807/63x_exports/20190807_M01_001_Capture 1 - Capture 1 - B3 [144] Montage - 1,3i,2019-08-07,,MYH6-B1,MYH7-B4,5500000013,AICS-75,18,
929,98,B3,/allen/aics/assay-dev/MicroscopyData/Melissa/2019/20190807/63x_exports/20190807_M01_001_Capture 1 - Capture 1 - B3 [144] Montage - 10,3i,2019-08-07,,MYH6-B1,MYH7-B4,5500000013,AICS-75,18,
930,98,B3,/allen/aics/assay-dev/MicroscopyData/Melissa/2019/20190807/63x_exports/20190807_M01_001_Capture 1 - Capture 1 - B3 [144] Montage - 11,3i,2019-08-07,,MYH6-B1,MYH7-B4,5500000013,AICS-75,18,
931,98,B3,/allen/aics/assay-dev/MicroscopyData/Melissa/2019/20190807/63x_exports/20190807_M01_001_Capture 1 - Capture 1 - B3 [144] Montage - 12,3i,2019-08-07,,MYH6-B1,MYH7-B4,5500000013,AICS-75,18,
932,98,B3,/allen/aics/assay-dev/MicroscopyData/Melissa/2019/20190807/63x_exports/20190807_M01_001_Capture 1 - Capture 1 - B3 [144] Montage - 13,3i,2019-08-07,,MYH6-B1,MYH7-B4,5500000013,AICS-75,18,
933,98,B3,/allen/aics/assay-dev/MicroscopyData/Melissa/2019/20190807/63x_exports/20190807_M01_001_Capture 1 - Capture 1 - B3 [144] Montage - 14,3i,2019-08-07,,MYH6-B1,MYH7-B4,5500000013,AICS-75,18,
934,98,B3,/allen/aics/assay-dev/MicroscopyData/Melissa/2019/20190807/63x_exports/20190807_M01_001_Capture 1 - Capture 1 - B3 [144] Montage - 15,3i,2019-08-07,,MYH6-B1,MYH7-B4,5500000013,AICS-75,18,
935,98,B3,/allen/aics/assay-dev/MicroscopyData/Melissa/2019/20190807/63x_exports/20190807_M01_001_Capture 1 - Capture 1 - B3 [144] Montage - 16,3i,2019-08-07,,MYH6-B1,MYH7-B4,5500000013,AICS-75,18,
936,98,B3,/allen/aics/assay-dev/MicroscopyData/Melissa/2019/20190807/63x_exports/20190807_M01_001_Capture 1 - Capture 1 - B3 [144] Montage - 17,3i,2019-08-07,,MYH6-B1,MYH7-B4,5500000013,AICS-75,18,
937,98,B3,/allen/aics/assay-dev/MicroscopyData/Melissa/2019/20190807/63x_exports/20190807_M01_001_Capture 1 - Capture 1 - B3 [144] Montage - 18,3i,2019-08-07,,MYH6-B1,MYH7-B4,5500000013,AICS-75,18,
938,98,B3,/allen/aics/assay-dev/MicroscopyData/Melissa/2019/20190807/63x_exports/20190807_M01_001_Capture 1 - Capture 1 - B3 [144] Montage - 19,3i,2019-08-07,,MYH6-B1,MYH7-B4,5500000013,AICS-75,18,
939,98,B3,/allen/aics/assay-dev/MicroscopyData/Melissa/2019/20190807/63x_exports/20190807_M01_001_Capture 1 - Capture 1 - B3 [144] Montage - 2,3i,2019-08-07,,MYH6-B1,MYH7-B4,5500000013,AICS-75,18,
940,98,B3,/allen/aics/assay-dev/MicroscopyData/Melissa/2019/20190807/63x_exports/20190807_M01_001_Capture 1 - Capture 1 - B3 [144] Montage - 20,3i,2019-08-07,,MYH6-B1,MYH7-B4,5500000013,AICS-75,18,
941,98,B3,/allen/aics/assay-dev/MicroscopyData/Melissa/2019/20190807/63x_exports/20190807_M01_001_Capture 1 - Capture 1 - B3 [144] Montage - 21,3i,2019-08-07,,MYH6-B1,MYH7-B4,5500000013,AICS-75,18,
942,98,B3,/allen/aics/assay-dev/MicroscopyData/Melissa/2019/20190807/63x_exports/20190807_M01_001_Capture 1 - Capture 1 - B3 [144] Montage - 22,3i,2019-08-07,,MYH6-B1,MYH7-B4,5500000013,AICS-75,18,
943,98,B3,/allen/aics/assay-dev/MicroscopyData/Melissa/2019/20190807/63x_exports/20190807_M01_001_Capture 1 - Capture 1 - B3 [144] Montage - 23,3i,2019-08-07,,MYH6-B1,MYH7-B4,5500000013,AICS-75,18,
944,98,B3,/allen/aics/assay-dev/MicroscopyData/Melissa/2019/20190807/63x_exports/20190807_M01_001_Capture 1 - Capture 1 - B3 [144] Montage - 24,3i,2019-08-07,,MYH6-B1,MYH7-B4,5500000013,AICS-75,18,
945,98,B3,/allen/aics/assay-dev/MicroscopyData/Melissa/2019/20190807/63x_exports/20190807_M01_001_Capture 1 - Capture 1 - B3 [144] Montage - 25,3i,2019-08-07,,MYH6-B1,MYH7-B4,5500000013,AICS-75,18,
946,98,B3,/allen/aics/assay-dev/MicroscopyData/Melissa/2019/20190807/63x_exports/20190807_M01_001_Capture 1 - Capture 1 - B3 [144] Montage - 26,3i,2019-08-07,,MYH6-B1,MYH7-B4,5500000013,AICS-75,18,
947,98,B3,/allen/aics/assay-dev/MicroscopyData/Melissa/2019/20190807/63x_exports/20190807_M01_001_Capture 1 - Capture 1 - B3 [144] Montage - 27,3i,2019-08-07,,MYH6-B1,MYH7-B4,5500000013,AICS-75,18,
948,98,B3,/allen/aics/assay-dev/MicroscopyData/Melissa/2019/20190807/63x_exports/20190807_M01_001_Capture 1 - Capture 1 - B3 [144] Montage - 28,3i,2019-08-07,,MYH6-B1,MYH7-B4,5500000013,AICS-75,18,
949,98,B3,/allen/aics/assay-dev/MicroscopyData/Melissa/2019/20190807/63x_exports/20190807_M01_001_Capture 1 - Capture 1 - B3 [144] Montage - 29,3i,2019-08-07,,MYH6-B1,MYH7-B4,5500000013,AICS-75,18,
950,98,B3,/allen/aics/assay-dev/MicroscopyData/Melissa/2019/20190807/63x_exports/20190807_M01_001_Capture 1 - Capture 1 - B3 [144] Montage - 3,3i,2019-08-07,,MYH6-B1,MYH7-B4,5500000013,AICS-75,18,
951,98,B3,/allen/aics/assay-dev/MicroscopyData/Melissa/2019/20190807/63x_exports/20190807_M01_001_Capture 1 - Capture 1 - B3 [144] Montage - 30,3i,2019-08-07,,MYH6-B1,MYH7-B4,5500000013,AICS-75,18,
952,98,B3,/allen/aics/assay-dev/MicroscopyData/Melissa/2019/20190807/63x_exports/20190807_M01_001_Capture 1 - Capture 1 - B3 [144] Montage - 4,3i,2019-08-07,,MYH6-B1,MYH7-B4,5500000013,AICS-75,18,
953,98,B3,/allen/aics/assay-dev/MicroscopyData/Melissa/2019/20190807/63x_exports/20190807_M01_001_Capture 1 - Capture 1 - B3 [144] Montage - 5,3i,2019-08-07,,MYH6-B1,MYH7-B4,5500000013,AICS-75,18,
954,98,B3,/allen/aics/assay-dev/MicroscopyData/Melissa/2019/20190807/63x_exports/20190807_M01_001_Capture 1 - Capture 1 - B3 [144] Montage - 6,3i,2019-08-07,,MYH6-B1,MYH7-B4,5500000013,AICS-75,18,
955,98,B3,/allen/aics/assay-dev/MicroscopyData/Melissa/2019/20190807/63x_exports/20190807_M01_001_Capture 1 - Capture 1 - B3 [144] Montage - 7,3i,2019-08-07,,MYH6-B1,MYH7-B4,5500000013,AICS-75,18,
956,98,B3,/allen/aics/assay-dev/MicroscopyData/Melissa/2019/20190807/63x_exports/20190807_M01_001_Capture 1 - Capture 1 - B3 [144] Montage - 8,3i,2019-08-07,,MYH6-B1,MYH7-B4,5500000013,AICS-75,18,
957,98,B3,/allen/aics/assay-dev/MicroscopyData/Melissa/2019/20190807/63x_exports/20190807_M01_001_Capture 1 - Capture 1 - B3 [144] Montage - 9,3i,2019-08-07,,MYH6-B1,MYH7-B4,5500000013,AICS-75,18,
958,99,B4,/allen/aics/assay-dev/MicroscopyData/Melissa/2019/20190807/63x_exports/20190807_M01_001_Capture 1 - Capture 1 - B4 [144] Montage - 1,3i,2019-08-07,,TCAP-B3,BAG3-B4,5500000013,AICS-75,18,
959,99,B4,/allen/aics/assay-dev/MicroscopyData/Melissa/2019/20190807/63x_exports/20190807_M01_001_Capture 1 - Capture 1 - B4 [144] Montage - 10,3i,2019-08-07,,TCAP-B3,BAG3-B4,5500000013,AICS-75,18,
960,99,B4,/allen/aics/assay-dev/MicroscopyData/Melissa/2019/20190807/63x_exports/20190807_M01_001_Capture 1 - Capture 1 - B4 [144] Montage - 11,3i,2019-08-07,,TCAP-B3,BAG3-B4,5500000013,AICS-75,18,
961,99,B4,/allen/aics/assay-dev/MicroscopyData/Melissa/2019/20190807/63x_exports/20190807_M01_001_Capture 1 - Capture 1 - B4 [144] Montage - 12,3i,2019-08-07,,TCAP-B3,BAG3-B4,5500000013,AICS-75,18,
962,99,B4,/allen/aics/assay-dev/MicroscopyData/Melissa/2019/20190807/63x_exports/20190807_M01_001_Capture 1 - Capture 1 - B4 [144] Montage - 13,3i,2019-08-07,,TCAP-B3,BAG3-B4,5500000013,AICS-75,18,
963,99,B4,/allen/aics/assay-dev/MicroscopyData/Melissa/2019/20190807/63x_exports/20190807_M01_001_Capture 1 - Capture 1 - B4 [144] Montage - 14,3i,2019-08-07,,TCAP-B3,BAG3-B4,5500000013,AICS-75,18,
964,99,B4,/allen/aics/assay-dev/MicroscopyData/Melissa/2019/20190807/63x_exports/20190807_M01_001_Capture 1 - Capture 1 - B4 [144] Montage - 15,3i,2019-08-07,,TCAP-B3,BAG3-B4,5500000013,AICS-75,18,
965,99,B4,/allen/aics/assay-dev/MicroscopyData/Melissa/2019/20190807/63x_exports/20190807_M01_001_Capture 1 - Capture 1 - B4 [144] Montage - 16,3i,2019-08-07,,TCAP-B3,BAG3-B4,5500000013,AICS-75,18,
966,99,B4,/allen/aics/assay-dev/MicroscopyData/Melissa/2019/20190807/63x_exports/20190807_M01_001_Capture 1 - Capture 1 - B4 [144] Montage - 17,3i,2019-08-07,,TCAP-B3,BAG3-B4,5500000013,AICS-75,18,
967,99,B4,/allen/aics/assay-dev/MicroscopyData/Melissa/2019/20190807/63x_exports/20190807_M01_001_Capture 1 - Capture 1 - B4 [144] Montage - 18,3i,2019-08-07,,TCAP-B3,BAG3-B4,5500000013,AICS-75,18,
968,99,B4,/allen/aics/assay-dev/MicroscopyData/Melissa/2019/20190807/63x_exports/20190807_M01_001_Capture 1 - Capture 1 - B4 [144] Montage - 19,3i,2019-08-07,,TCAP-B3,BAG3-B4,5500000013,AICS-75,18,
969,99,B4,/allen/aics/assay-dev/MicroscopyData/Melissa/2019/20190807/63x_exports/20190807_M01_001_Capture 1 - Capture 1 - B4 [144] Montage - 2,3i,2019-08-07,,TCAP-B3,BAG3-B4,5500000013,AICS-75,18,
970,99,B4,/allen/aics/assay-dev/MicroscopyData/Melissa/2019/20190807/63x_exports/20190807_M01_001_Capture 1 - Capture 1 - B4 [144] Montage - 20,3i,2019-08-07,,TCAP-B3,BAG3-B4,5500000013,AICS-75,18,
971,99,B4,/allen/aics/assay-dev/MicroscopyData/Melissa/2019/20190807/63x_exports/20190807_M01_001_Capture 1 - Capture 1 - B4 [144] Montage - 21,3i,2019-08-07,,TCAP-B3,BAG3-B4,5500000013,AICS-75,18,
972,99,B4,/allen/aics/assay-dev/MicroscopyData/Melissa/2019/20190807/63x_exports/20190807_M01_001_Capture 1 - Capture 1 - B4 [144] Montage - 22,3i,2019-08-07,,TCAP-B3,BAG3-B4,5500000013,AICS-75,18,
973,99,B4,/allen/aics/assay-dev/MicroscopyData/Melissa/2019/20190807/63x_exports/20190807_M01_001_Capture 1 - Capture 1 - B4 [144] Montage - 23,3i,2019-08-07,,TCAP-B3,BAG3-B4,5500000013,AICS-75,18,
974,99,B4,/allen/aics/assay-dev/MicroscopyData/Melissa/2019/20190807/63x_exports/20190807_M01_001_Capture 1 - Capture 1 - B4 [144] Montage - 24,3i,2019-08-07,,TCAP-B3,BAG3-B4,5500000013,AICS-75,18,
975,99,B4,/allen/aics/assay-dev/MicroscopyData/Melissa/2019/20190807/63x_exports/20190807_M01_001_Capture 1 - Capture 1 - B4 [144] Montage - 25,3i,2019-08-07,,TCAP-B3,BAG3-B4,5500000013,AICS-75,18,
976,99,B4,/allen/aics/assay-dev/MicroscopyData/Melissa/2019/20190807/63x_exports/20190807_M01_001_Capture 1 - Capture 1 - B4 [144] Montage - 26,3i,2019-08-07,,TCAP-B3,BAG3-B4,5500000013,AICS-75,18,
977,99,B4,/allen/aics/assay-dev/MicroscopyData/Melissa/2019/20190807/63x_exports/20190807_M01_001_Capture 1 - Capture 1 - B4 [144] Montage - 27,3i,2019-08-07,,TCAP-B3,BAG3-B4,5500000013,AICS-75,18,
978,99,B4,/allen/aics/assay-dev/MicroscopyData/Melissa/2019/20190807/63x_exports/20190807_M01_001_Capture 1 - Capture 1 - B4 [144] Montage - 28,3i,2019-08-07,,TCAP-B3,BAG3-B4,5500000013,AICS-75,18,
979,99,B4,/allen/aics/assay-dev/MicroscopyData/Melissa/2019/20190807/63x_exports/20190807_M01_001_Capture 1 - Capture 1 - B4 [144] Montage - 29,3i,2019-08-07,,TCAP-B3,BAG3-B4,5500000013,AICS-75,18,
980,99,B4,/allen/aics/assay-dev/MicroscopyData/Melissa/2019/20190807/63x_exports/20190807_M01_001_Capture 1 - Capture 1 - B4 [144] Montage - 3,3i,2019-08-07,,TCAP-B3,BAG3-B4,5500000013,AICS-75,18,
981,99,B4,/allen/aics/assay-dev/MicroscopyData/Melissa/2019/20190807/63x_exports/20190807_M01_001_Capture 1 - Capture 1 - B4 [144] Montage - 30,3i,2019-08-07,,TCAP-B3,BAG3-B4,5500000013,AICS-75,18,
982,99,B4,/allen/aics/assay-dev/MicroscopyData/Melissa/2019/20190807/63x_exports/20190807_M01_001_Capture 1 - Capture 1 - B4 [144] Montage - 4,3i,2019-08-07,,TCAP-B3,BAG3-B4,5500000013,AICS-75,18,
983,99,B4,/allen/aics/assay-dev/MicroscopyData/Melissa/2019/20190807/63x_exports/20190807_M01_001_Capture 1 - Capture 1 - B4 [144] Montage - 5,3i,2019-08-07,,TCAP-B3,BAG3-B4,5500000013,AICS-75,18,
984,99,B4,/allen/aics/assay-dev/MicroscopyData/Melissa/2019/20190807/63x_exports/20190807_M01_001_Capture 1 - Capture 1 - B4 [144] Montage - 6,3i,2019-08-07,,TCAP-B3,BAG3-B4,5500000013,AICS-75,18,
985,99,B4,/allen/aics/assay-dev/MicroscopyData/Melissa/2019/20190807/63x_exports/20190807_M01_001_Capture 1 - Capture 1 - B4 [144] Montage - 7,3i,2019-08-07,,TCAP-B3,BAG3-B4,5500000013,AICS-75,18,
986,99,B4,/allen/aics/assay-dev/MicroscopyData/Melissa/2019/20190807/63x_exports/20190807_M01_001_Capture 1 - Capture 1 - B4 [144] Montage - 8,3i,2019-08-07,,TCAP-B3,BAG3-B4,5500000013,AICS-75,18,
987,99,B4,/allen/aics/assay-dev/MicroscopyData/Melissa/2019/20190807/63x_exports/20190807_M01_001_Capture 1 - Capture 1 - B4 [144] Montage - 9,3i,2019-08-07,,TCAP-B3,BAG3-B4,5500000013,AICS-75,18,
988,100,B5,/allen/aics/assay-dev/MicroscopyData/Melissa/2019/20190807/63x_exports/20190807_M01_001_Capture 1 - Capture 1 - B5 [144] Montage - 1,3i,2019-08-07,,ATP2A2-B1,H19-B3,5500000013,AICS-75,18,
989,100,B5,/allen/aics/assay-dev/MicroscopyData/Melissa/2019/20190807/63x_exports/20190807_M01_001_Capture 1 - Capture 1 - B5 [144] Montage - 10,3i,2019-08-07,,ATP2A2-B1,H19-B3,5500000013,AICS-75,18,
990,100,B5,/allen/aics/assay-dev/MicroscopyData/Melissa/2019/20190807/63x_exports/20190807_M01_001_Capture 1 - Capture 1 - B5 [144] Montage - 11,3i,2019-08-07,,ATP2A2-B1,H19-B3,5500000013,AICS-75,18,
991,100,B5,/allen/aics/assay-dev/MicroscopyData/Melissa/2019/20190807/63x_exports/20190807_M01_001_Capture 1 - Capture 1 - B5 [144] Montage - 12,3i,2019-08-07,,ATP2A2-B1,H19-B3,5500000013,AICS-75,18,
992,100,B5,/allen/aics/assay-dev/MicroscopyData/Melissa/2019/20190807/63x_exports/20190807_M01_001_Capture 1 - Capture 1 - B5 [144] Montage - 13,3i,2019-08-07,,ATP2A2-B1,H19-B3,5500000013,AICS-75,18,
993,100,B5,/allen/aics/assay-dev/MicroscopyData/Melissa/2019/20190807/63x_exports/20190807_M01_001_Capture 1 - Capture 1 - B5 [144] Montage - 14,3i,2019-08-07,,ATP2A2-B1,H19-B3,5500000013,AICS-75,18,
994,100,B5,/allen/aics/assay-dev/MicroscopyData/Melissa/2019/20190807/63x_exports/20190807_M01_001_Capture 1 - Capture 1 - B5 [144] Montage - 15,3i,2019-08-07,,ATP2A2-B1,H19-B3,5500000013,AICS-75,18,
995,100,B5,/allen/aics/assay-dev/MicroscopyData/Melissa/2019/20190807/63x_exports/20190807_M01_001_Capture 1 - Capture 1 - B5 [144] Montage - 16,3i,2019-08-07,,ATP2A2-B1,H19-B3,5500000013,AICS-75,18,
996,100,B5,/allen/aics/assay-dev/MicroscopyData/Melissa/2019/20190807/63x_exports/20190807_M01_001_Capture 1 - Capture 1 - B5 [144] Montage - 17,3i,2019-08-07,,ATP2A2-B1,H19-B3,5500000013,AICS-75,18,
997,100,B5,/allen/aics/assay-dev/MicroscopyData/Melissa/2019/20190807/63x_exports/20190807_M01_001_Capture 1 - Capture 1 - B5 [144] Montage - 18,3i,2019-08-07,,ATP2A2-B1,H19-B3,5500000013,AICS-75,18,
998,100,B5,/allen/aics/assay-dev/MicroscopyData/Melissa/2019/20190807/63x_exports/20190807_M01_001_Capture 1 - Capture 1 - B5 [144] Montage - 19,3i,2019-08-07,,ATP2A2-B1,H19-B3,5500000013,AICS-75,18,
999,100,B5,/allen/aics/assay-dev/MicroscopyData/Melissa/2019/20190807/63x_exports/20190807_M01_001_Capture 1 - Capture 1 - B5 [144] Montage - 2,3i,2019-08-07,,ATP2A2-B1,H19-B3,5500000013,AICS-75,18,
1000,100,B5,/allen/aics/assay-dev/MicroscopyData/Melissa/2019/20190807/63x_exports/20190807_M01_001_Capture 1 - Capture 1 - B5 [144] Montage - 20,3i,2019-08-07,,ATP2A2-B1,H19-B3,5500000013,AICS-75,18,
1001,100,B5,/allen/aics/assay-dev/MicroscopyData/Melissa/2019/20190807/63x_exports/20190807_M01_001_Capture 1 - Capture 1 - B5 [144] Montage - 21,3i,2019-08-07,,ATP2A2-B1,H19-B3,5500000013,AICS-75,18,
1002,100,B5,/allen/aics/assay-dev/MicroscopyData/Melissa/2019/20190807/63x_exports/20190807_M01_001_Capture 1 - Capture 1 - B5 [144] Montage - 22,3i,2019-08-07,,ATP2A2-B1,H19-B3,5500000013,AICS-75,18,
1003,100,B5,/allen/aics/assay-dev/MicroscopyData/Melissa/2019/20190807/63x_exports/20190807_M01_001_Capture 1 - Capture 1 - B5 [144] Montage - 23,3i,2019-08-07,,ATP2A2-B1,H19-B3,5500000013,AICS-75,18,
1004,100,B5,/allen/aics/assay-dev/MicroscopyData/Melissa/2019/20190807/63x_exports/20190807_M01_001_Capture 1 - Capture 1 - B5 [144] Montage - 24,3i,2019-08-07,,ATP2A2-B1,H19-B3,5500000013,AICS-75,18,
1005,100,B5,/allen/aics/assay-dev/MicroscopyData/Melissa/2019/20190807/63x_exports/20190807_M01_001_Capture 1 - Capture 1 - B5 [144] Montage - 25,3i,2019-08-07,,ATP2A2-B1,H19-B3,5500000013,AICS-75,18,
1006,100,B5,/allen/aics/assay-dev/MicroscopyData/Melissa/2019/20190807/63x_exports/20190807_M01_001_Capture 1 - Capture 1 - B5 [144] Montage - 26,3i,2019-08-07,,ATP2A2-B1,H19-B3,5500000013,AICS-75,18,
1007,100,B5,/allen/aics/assay-dev/MicroscopyData/Melissa/2019/20190807/63x_exports/20190807_M01_001_Capture 1 - Capture 1 - B5 [144] Montage - 27,3i,2019-08-07,,ATP2A2-B1,H19-B3,5500000013,AICS-75,18,
1008,100,B5,/allen/aics/assay-dev/MicroscopyData/Melissa/2019/20190807/63x_exports/20190807_M01_001_Capture 1 - Capture 1 - B5 [144] Montage - 28,3i,2019-08-07,,ATP2A2-B1,H19-B3,5500000013,AICS-75,18,
1009,100,B5,/allen/aics/assay-dev/MicroscopyData/Melissa/2019/20190807/63x_exports/20190807_M01_001_Capture 1 - Capture 1 - B5 [144] Montage - 29,3i,2019-08-07,,ATP2A2-B1,H19-B3,5500000013,AICS-75,18,
1010,100,B5,/allen/aics/assay-dev/MicroscopyData/Melissa/2019/20190807/63x_exports/20190807_M01_001_Capture 1 - Capture 1 - B5 [144] Montage - 3,3i,2019-08-07,,ATP2A2-B1,H19-B3,5500000013,AICS-75,18,
1011,100,B5,/allen/aics/assay-dev/MicroscopyData/Melissa/2019/20190807/63x_exports/20190807_M01_001_Capture 1 - Capture 1 - B5 [144] Montage - 30,3i,2019-08-07,,ATP2A2-B1,H19-B3,5500000013,AICS-75,18,
1012,100,B5,/allen/aics/assay-dev/MicroscopyData/Melissa/2019/20190807/63x_exports/20190807_M01_001_Capture 1 - Capture 1 - B5 [144] Montage - 4,3i,2019-08-07,,ATP2A2-B1,H19-B3,5500000013,AICS-75,18,
1013,100,B5,/allen/aics/assay-dev/MicroscopyData/Melissa/2019/20190807/63x_exports/20190807_M01_001_Capture 1 - Capture 1 - B5 [144] Montage - 5,3i,2019-08-07,,ATP2A2-B1,H19-B3,5500000013,AICS-75,18,
1014,100,B5,/allen/aics/assay-dev/MicroscopyData/Melissa/2019/20190807/63x_exports/20190807_M01_001_Capture 1 - Capture 1 - B5 [144] Montage - 6,3i,2019-08-07,,ATP2A2-B1,H19-B3,5500000013,AICS-75,18,
1015,100,B5,/allen/aics/assay-dev/MicroscopyData/Melissa/2019/20190807/63x_exports/20190807_M01_001_Capture 1 - Capture 1 - B5 [144] Montage - 7,3i,2019-08-07,,ATP2A2-B1,H19-B3,5500000013,AICS-75,18,
1016,100,B5,/allen/aics/assay-dev/MicroscopyData/Melissa/2019/20190807/63x_exports/20190807_M01_001_Capture 1 - Capture 1 - B5 [144] Montage - 8,3i,2019-08-07,,ATP2A2-B1,H19-B3,5500000013,AICS-75,18,
1017,100,B5,/allen/aics/assay-dev/MicroscopyData/Melissa/2019/20190807/63x_exports/20190807_M01_001_Capture 1 - Capture 1 - B5 [144] Montage - 9,3i,2019-08-07,,ATP2A2-B1,H19-B3,5500000013,AICS-75,18,
1018,101,C2,/allen/aics/assay-dev/MicroscopyData/Melissa/2019/20190807/63x_exports/20190807_M01_002_Capture 1 - Capture 1 - C2 [144] Montage - 1,3i,2019-08-07,,HPRT1-B1,COL2A1-B4,5500000013,AICS-75,18,
1019,101,C2,/allen/aics/assay-dev/MicroscopyData/Melissa/2019/20190807/63x_exports/20190807_M01_002_Capture 1 - Capture 1 - C2 [144] Montage - 10,3i,2019-08-07,,HPRT1-B1,COL2A1-B4,5500000013,AICS-75,18,
1020,101,C2,/allen/aics/assay-dev/MicroscopyData/Melissa/2019/20190807/63x_exports/20190807_M01_002_Capture 1 - Capture 1 - C2 [144] Montage - 11,3i,2019-08-07,,HPRT1-B1,COL2A1-B4,5500000013,AICS-75,18,
1021,101,C2,/allen/aics/assay-dev/MicroscopyData/Melissa/2019/20190807/63x_exports/20190807_M01_002_Capture 1 - Capture 1 - C2 [144] Montage - 12,3i,2019-08-07,,HPRT1-B1,COL2A1-B4,5500000013,AICS-75,18,
1022,101,C2,/allen/aics/assay-dev/MicroscopyData/Melissa/2019/20190807/63x_exports/20190807_M01_002_Capture 1 - Capture 1 - C2 [144] Montage - 13,3i,2019-08-07,,HPRT1-B1,COL2A1-B4,5500000013,AICS-75,18,
1023,101,C2,/allen/aics/assay-dev/MicroscopyData/Melissa/2019/20190807/63x_exports/20190807_M01_002_Capture 1 - Capture 1 - C2 [144] Montage - 14,3i,2019-08-07,,HPRT1-B1,COL2A1-B4,5500000013,AICS-75,18,
1024,101,C2,/allen/aics/assay-dev/MicroscopyData/Melissa/2019/20190807/63x_exports/20190807_M01_002_Capture 1 - Capture 1 - C2 [144] Montage - 15,3i,2019-08-07,,HPRT1-B1,COL2A1-B4,5500000013,AICS-75,18,
1025,101,C2,/allen/aics/assay-dev/MicroscopyData/Melissa/2019/20190807/63x_exports/20190807_M01_002_Capture 1 - Capture 1 - C2 [144] Montage - 16,3i,2019-08-07,,HPRT1-B1,COL2A1-B4,5500000013,AICS-75,18,
1026,101,C2,/allen/aics/assay-dev/MicroscopyData/Melissa/2019/20190807/63x_exports/20190807_M01_002_Capture 1 - Capture 1 - C2 [144] Montage - 17,3i,2019-08-07,,HPRT1-B1,COL2A1-B4,5500000013,AICS-75,18,
1027,101,C2,/allen/aics/assay-dev/MicroscopyData/Melissa/2019/20190807/63x_exports/20190807_M01_002_Capture 1 - Capture 1 - C2 [144] Montage - 18,3i,2019-08-07,,HPRT1-B1,COL2A1-B4,5500000013,AICS-75,18,
1028,101,C2,/allen/aics/assay-dev/MicroscopyData/Melissa/2019/20190807/63x_exports/20190807_M01_002_Capture 1 - Capture 1 - C2 [144] Montage - 19,3i,2019-08-07,,HPRT1-B1,COL2A1-B4,5500000013,AICS-75,18,
1029,101,C2,/allen/aics/assay-dev/MicroscopyData/Melissa/2019/20190807/63x_exports/20190807_M01_002_Capture 1 - Capture 1 - C2 [144] Montage - 2,3i,2019-08-07,,HPRT1-B1,COL2A1-B4,5500000013,AICS-75,18,
1030,101,C2,/allen/aics/assay-dev/MicroscopyData/Melissa/2019/20190807/63x_exports/20190807_M01_002_Capture 1 - Capture 1 - C2 [144] Montage - 20,3i,2019-08-07,,HPRT1-B1,COL2A1-B4,5500000013,AICS-75,18,
1031,101,C2,/allen/aics/assay-dev/MicroscopyData/Melissa/2019/20190807/63x_exports/20190807_M01_002_Capture 1 - Capture 1 - C2 [144] Montage - 21,3i,2019-08-07,,HPRT1-B1,COL2A1-B4,5500000013,AICS-75,18,
1032,101,C2,/allen/aics/assay-dev/MicroscopyData/Melissa/2019/20190807/63x_exports/20190807_M01_002_Capture 1 - Capture 1 - C2 [144] Montage - 22,3i,2019-08-07,,HPRT1-B1,COL2A1-B4,5500000013,AICS-75,18,
1033,101,C2,/allen/aics/assay-dev/MicroscopyData/Melissa/2019/20190807/63x_exports/20190807_M01_002_Capture 1 - Capture 1 - C2 [144] Montage - 23,3i,2019-08-07,,HPRT1-B1,COL2A1-B4,5500000013,AICS-75,18,
1034,101,C2,/allen/aics/assay-dev/MicroscopyData/Melissa/2019/20190807/63x_exports/20190807_M01_002_Capture 1 - Capture 1 - C2 [144] Montage - 24,3i,2019-08-07,,HPRT1-B1,COL2A1-B4,5500000013,AICS-75,18,
1035,101,C2,/allen/aics/assay-dev/MicroscopyData/Melissa/2019/20190807/63x_exports/20190807_M01_002_Capture 1 - Capture 1 - C2 [144] Montage - 25,3i,2019-08-07,,HPRT1-B1,COL2A1-B4,5500000013,AICS-75,18,
1036,101,C2,/allen/aics/assay-dev/MicroscopyData/Melissa/2019/20190807/63x_exports/20190807_M01_002_Capture 1 - Capture 1 - C2 [144] Montage - 26,3i,2019-08-07,,HPRT1-B1,COL2A1-B4,5500000013,AICS-75,18,
1037,101,C2,/allen/aics/assay-dev/MicroscopyData/Melissa/2019/20190807/63x_exports/20190807_M01_002_Capture 1 - Capture 1 - C2 [144] Montage - 27,3i,2019-08-07,,HPRT1-B1,COL2A1-B4,5500000013,AICS-75,18,
1038,101,C2,/allen/aics/assay-dev/MicroscopyData/Melissa/2019/20190807/63x_exports/20190807_M01_002_Capture 1 - Capture 1 - C2 [144] Montage - 28,3i,2019-08-07,,HPRT1-B1,COL2A1-B4,5500000013,AICS-75,18,
1039,101,C2,/allen/aics/assay-dev/MicroscopyData/Melissa/2019/20190807/63x_exports/20190807_M01_002_Capture 1 - Capture 1 - C2 [144] Montage - 29,3i,2019-08-07,,HPRT1-B1,COL2A1-B4,5500000013,AICS-75,18,
1040,101,C2,/allen/aics/assay-dev/MicroscopyData/Melissa/2019/20190807/63x_exports/20190807_M01_002_Capture 1 - Capture 1 - C2 [144] Montage - 3,3i,2019-08-07,,HPRT1-B1,COL2A1-B4,5500000013,AICS-75,18,
1041,101,C2,/allen/aics/assay-dev/MicroscopyData/Melissa/2019/20190807/63x_exports/20190807_M01_002_Capture 1 - Capture 1 - C2 [144] Montage - 30,3i,2019-08-07,,HPRT1-B1,COL2A1-B4,5500000013,AICS-75,18,
1042,101,C2,/allen/aics/assay-dev/MicroscopyData/Melissa/2019/20190807/63x_exports/20190807_M01_002_Capture 1 - Capture 1 - C2 [144] Montage - 4,3i,2019-08-07,,HPRT1-B1,COL2A1-B4,5500000013,AICS-75,18,
1043,101,C2,/allen/aics/assay-dev/MicroscopyData/Melissa/2019/20190807/63x_exports/20190807_M01_002_Capture 1 - Capture 1 - C2 [144] Montage - 5,3i,2019-08-07,,HPRT1-B1,COL2A1-B4,5500000013,AICS-75,18,
1044,101,C2,/allen/aics/assay-dev/MicroscopyData/Melissa/2019/20190807/63x_exports/20190807_M01_002_Capture 1 - Capture 1 - C2 [144] Montage - 6,3i,2019-08-07,,HPRT1-B1,COL2A1-B4,5500000013,AICS-75,18,
1045,101,C2,/allen/aics/assay-dev/MicroscopyData/Melissa/2019/20190807/63x_exports/20190807_M01_002_Capture 1 - Capture 1 - C2 [144] Montage - 7,3i,2019-08-07,,HPRT1-B1,COL2A1-B4,5500000013,AICS-75,18,
1046,101,C2,/allen/aics/assay-dev/MicroscopyData/Melissa/2019/20190807/63x_exports/20190807_M01_002_Capture 1 - Capture 1 - C2 [144] Montage - 8,3i,2019-08-07,,HPRT1-B1,COL2A1-B4,5500000013,AICS-75,18,
1047,101,C2,/allen/aics/assay-dev/MicroscopyData/Melissa/2019/20190807/63x_exports/20190807_M01_002_Capture 1 - Capture 1 - C2 [144] Montage - 9,3i,2019-08-07,,HPRT1-B1,COL2A1-B4,5500000013,AICS-75,18,
1048,102,C3,/allen/aics/assay-dev/MicroscopyData/Melissa/2019/20190807/63x_exports/20190807_M01_002_Capture 1 - Capture 1 - C3 [144] Montage - 1,3i,2019-08-07,,MYH6-B1,MYH7-B4,5500000013,AICS-75,18,
1049,102,C3,/allen/aics/assay-dev/MicroscopyData/Melissa/2019/20190807/63x_exports/20190807_M01_002_Capture 1 - Capture 1 - C3 [144] Montage - 10,3i,2019-08-07,,MYH6-B1,MYH7-B4,5500000013,AICS-75,18,
1050,102,C3,/allen/aics/assay-dev/MicroscopyData/Melissa/2019/20190807/63x_exports/20190807_M01_002_Capture 1 - Capture 1 - C3 [144] Montage - 11,3i,2019-08-07,,MYH6-B1,MYH7-B4,5500000013,AICS-75,18,
1051,102,C3,/allen/aics/assay-dev/MicroscopyData/Melissa/2019/20190807/63x_exports/20190807_M01_002_Capture 1 - Capture 1 - C3 [144] Montage - 12,3i,2019-08-07,,MYH6-B1,MYH7-B4,5500000013,AICS-75,18,
1052,102,C3,/allen/aics/assay-dev/MicroscopyData/Melissa/2019/20190807/63x_exports/20190807_M01_002_Capture 1 - Capture 1 - C3 [144] Montage - 13,3i,2019-08-07,,MYH6-B1,MYH7-B4,5500000013,AICS-75,18,
1053,102,C3,/allen/aics/assay-dev/MicroscopyData/Melissa/2019/20190807/63x_exports/20190807_M01_002_Capture 1 - Capture 1 - C3 [144] Montage - 14,3i,2019-08-07,,MYH6-B1,MYH7-B4,5500000013,AICS-75,18,
1054,102,C3,/allen/aics/assay-dev/MicroscopyData/Melissa/2019/20190807/63x_exports/20190807_M01_002_Capture 1 - Capture 1 - C3 [144] Montage - 15,3i,2019-08-07,,MYH6-B1,MYH7-B4,5500000013,AICS-75,18,
1055,102,C3,/allen/aics/assay-dev/MicroscopyData/Melissa/2019/20190807/63x_exports/20190807_M01_002_Capture 1 - Capture 1 - C3 [144] Montage - 16,3i,2019-08-07,,MYH6-B1,MYH7-B4,5500000013,AICS-75,18,
1056,102,C3,/allen/aics/assay-dev/MicroscopyData/Melissa/2019/20190807/63x_exports/20190807_M01_002_Capture 1 - Capture 1 - C3 [144] Montage - 17,3i,2019-08-07,,MYH6-B1,MYH7-B4,5500000013,AICS-75,18,
1057,102,C3,/allen/aics/assay-dev/MicroscopyData/Melissa/2019/20190807/63x_exports/20190807_M01_002_Capture 1 - Capture 1 - C3 [144] Montage - 18,3i,2019-08-07,,MYH6-B1,MYH7-B4,5500000013,AICS-75,18,
1058,102,C3,/allen/aics/assay-dev/MicroscopyData/Melissa/2019/20190807/63x_exports/20190807_M01_002_Capture 1 - Capture 1 - C3 [144] Montage - 19,3i,2019-08-07,,MYH6-B1,MYH7-B4,5500000013,AICS-75,18,
1059,102,C3,/allen/aics/assay-dev/MicroscopyData/Melissa/2019/20190807/63x_exports/20190807_M01_002_Capture 1 - Capture 1 - C3 [144] Montage - 2,3i,2019-08-07,,MYH6-B1,MYH7-B4,5500000013,AICS-75,18,
1060,102,C3,/allen/aics/assay-dev/MicroscopyData/Melissa/2019/20190807/63x_exports/20190807_M01_002_Capture 1 - Capture 1 - C3 [144] Montage - 20,3i,2019-08-07,,MYH6-B1,MYH7-B4,5500000013,AICS-75,18,
1061,102,C3,/allen/aics/assay-dev/MicroscopyData/Melissa/2019/20190807/63x_exports/20190807_M01_002_Capture 1 - Capture 1 - C3 [144] Montage - 21,3i,2019-08-07,,MYH6-B1,MYH7-B4,5500000013,AICS-75,18,
1062,102,C3,/allen/aics/assay-dev/MicroscopyData/Melissa/2019/20190807/63x_exports/20190807_M01_002_Capture 1 - Capture 1 - C3 [144] Montage - 22,3i,2019-08-07,,MYH6-B1,MYH7-B4,5500000013,AICS-75,18,
1063,102,C3,/allen/aics/assay-dev/MicroscopyData/Melissa/2019/20190807/63x_exports/20190807_M01_002_Capture 1 - Capture 1 - C3 [144] Montage - 23,3i,2019-08-07,,MYH6-B1,MYH7-B4,5500000013,AICS-75,18,
1064,102,C3,/allen/aics/assay-dev/MicroscopyData/Melissa/2019/20190807/63x_exports/20190807_M01_002_Capture 1 - Capture 1 - C3 [144] Montage - 24,3i,2019-08-07,,MYH6-B1,MYH7-B4,5500000013,AICS-75,18,
1065,102,C3,/allen/aics/assay-dev/MicroscopyData/Melissa/2019/20190807/63x_exports/20190807_M01_002_Capture 1 - Capture 1 - C3 [144] Montage - 25,3i,2019-08-07,,MYH6-B1,MYH7-B4,5500000013,AICS-75,18,
1066,102,C3,/allen/aics/assay-dev/MicroscopyData/Melissa/2019/20190807/63x_exports/20190807_M01_002_Capture 1 - Capture 1 - C3 [144] Montage - 26,3i,2019-08-07,,MYH6-B1,MYH7-B4,5500000013,AICS-75,18,
1067,102,C3,/allen/aics/assay-dev/MicroscopyData/Melissa/2019/20190807/63x_exports/20190807_M01_002_Capture 1 - Capture 1 - C3 [144] Montage - 27,3i,2019-08-07,,MYH6-B1,MYH7-B4,5500000013,AICS-75,18,
1068,102,C3,/allen/aics/assay-dev/MicroscopyData/Melissa/2019/20190807/63x_exports/20190807_M01_002_Capture 1 - Capture 1 - C3 [144] Montage - 28,3i,2019-08-07,,MYH6-B1,MYH7-B4,5500000013,AICS-75,18,
1069,102,C3,/allen/aics/assay-dev/MicroscopyData/Melissa/2019/20190807/63x_exports/20190807_M01_002_Capture 1 - Capture 1 - C3 [144] Montage - 29,3i,2019-08-07,,MYH6-B1,MYH7-B4,5500000013,AICS-75,18,
1070,102,C3,/allen/aics/assay-dev/MicroscopyData/Melissa/2019/20190807/63x_exports/20190807_M01_002_Capture 1 - Capture 1 - C3 [144] Montage - 3,3i,2019-08-07,,MYH6-B1,MYH7-B4,5500000013,AICS-75,18,
1071,102,C3,/allen/aics/assay-dev/MicroscopyData/Melissa/2019/20190807/63x_exports/20190807_M01_002_Capture 1 - Capture 1 - C3 [144] Montage - 30,3i,2019-08-07,,MYH6-B1,MYH7-B4,5500000013,AICS-75,18,
1072,102,C3,/allen/aics/assay-dev/MicroscopyData/Melissa/2019/20190807/63x_exports/20190807_M01_002_Capture 1 - Capture 1 - C3 [144] Montage - 4,3i,2019-08-07,,MYH6-B1,MYH7-B4,5500000013,AICS-75,18,
1073,102,C3,/allen/aics/assay-dev/MicroscopyData/Melissa/2019/20190807/63x_exports/20190807_M01_002_Capture 1 - Capture 1 - C3 [144] Montage - 5,3i,2019-08-07,,MYH6-B1,MYH7-B4,5500000013,AICS-75,18,
1074,102,C3,/allen/aics/assay-dev/MicroscopyData/Melissa/2019/20190807/63x_exports/20190807_M01_002_Capture 1 - Capture 1 - C3 [144] Montage - 6,3i,2019-08-07,,MYH6-B1,MYH7-B4,5500000013,AICS-75,18,
1075,102,C3,/allen/aics/assay-dev/MicroscopyData/Melissa/2019/20190807/63x_exports/20190807_M01_002_Capture 1 - Capture 1 - C3 [144] Montage - 7,3i,2019-08-07,,MYH6-B1,MYH7-B4,5500000013,AICS-75,18,
1076,102,C3,/allen/aics/assay-dev/MicroscopyData/Melissa/2019/20190807/63x_exports/20190807_M01_002_Capture 1 - Capture 1 - C3 [144] Montage - 8,3i,2019-08-07,,MYH6-B1,MYH7-B4,5500000013,AICS-75,18,
1077,102,C3,/allen/aics/assay-dev/MicroscopyData/Melissa/2019/20190807/63x_exports/20190807_M01_002_Capture 1 - Capture 1 - C3 [144] Montage - 9,3i,2019-08-07,,MYH6-B1,MYH7-B4,5500000013,AICS-75,18,
1078,103,C4,/allen/aics/assay-dev/MicroscopyData/Melissa/2019/20190807/63x_exports/20190807_M01_002_Capture 1 - Capture 1 - C4 [144] Montage - 1,3i,2019-08-07,,TCAP-B3,BAG3-B4,5500000013,AICS-75,18,
1079,103,C4,/allen/aics/assay-dev/MicroscopyData/Melissa/2019/20190807/63x_exports/20190807_M01_002_Capture 1 - Capture 1 - C4 [144] Montage - 10,3i,2019-08-07,,TCAP-B3,BAG3-B4,5500000013,AICS-75,18,
1080,103,C4,/allen/aics/assay-dev/MicroscopyData/Melissa/2019/20190807/63x_exports/20190807_M01_002_Capture 1 - Capture 1 - C4 [144] Montage - 11,3i,2019-08-07,,TCAP-B3,BAG3-B4,5500000013,AICS-75,18,
1081,103,C4,/allen/aics/assay-dev/MicroscopyData/Melissa/2019/20190807/63x_exports/20190807_M01_002_Capture 1 - Capture 1 - C4 [144] Montage - 12,3i,2019-08-07,,TCAP-B3,BAG3-B4,5500000013,AICS-75,18,
1082,103,C4,/allen/aics/assay-dev/MicroscopyData/Melissa/2019/20190807/63x_exports/20190807_M01_002_Capture 1 - Capture 1 - C4 [144] Montage - 13,3i,2019-08-07,,TCAP-B3,BAG3-B4,5500000013,AICS-75,18,
1083,103,C4,/allen/aics/assay-dev/MicroscopyData/Melissa/2019/20190807/63x_exports/20190807_M01_002_Capture 1 - Capture 1 - C4 [144] Montage - 14,3i,2019-08-07,,TCAP-B3,BAG3-B4,5500000013,AICS-75,18,
1084,103,C4,/allen/aics/assay-dev/MicroscopyData/Melissa/2019/20190807/63x_exports/20190807_M01_002_Capture 1 - Capture 1 - C4 [144] Montage - 15,3i,2019-08-07,,TCAP-B3,BAG3-B4,5500000013,AICS-75,18,
1085,103,C4,/allen/aics/assay-dev/MicroscopyData/Melissa/2019/20190807/63x_exports/20190807_M01_002_Capture 1 - Capture 1 - C4 [144] Montage - 16,3i,2019-08-07,,TCAP-B3,BAG3-B4,5500000013,AICS-75,18,
1086,103,C4,/allen/aics/assay-dev/MicroscopyData/Melissa/2019/20190807/63x_exports/20190807_M01_002_Capture 1 - Capture 1 - C4 [144] Montage - 17,3i,2019-08-07,,TCAP-B3,BAG3-B4,5500000013,AICS-75,18,
1087,103,C4,/allen/aics/assay-dev/MicroscopyData/Melissa/2019/20190807/63x_exports/20190807_M01_002_Capture 1 - Capture 1 - C4 [144] Montage - 18,3i,2019-08-07,,TCAP-B3,BAG3-B4,5500000013,AICS-75,18,
1088,103,C4,/allen/aics/assay-dev/MicroscopyData/Melissa/2019/20190807/63x_exports/20190807_M01_002_Capture 1 - Capture 1 - C4 [144] Montage - 19,3i,2019-08-07,,TCAP-B3,BAG3-B4,5500000013,AICS-75,18,
1089,103,C4,/allen/aics/assay-dev/MicroscopyData/Melissa/2019/20190807/63x_exports/20190807_M01_002_Capture 1 - Capture 1 - C4 [144] Montage - 2,3i,2019-08-07,,TCAP-B3,BAG3-B4,5500000013,AICS-75,18,
1090,103,C4,/allen/aics/assay-dev/MicroscopyData/Melissa/2019/20190807/63x_exports/20190807_M01_002_Capture 1 - Capture 1 - C4 [144] Montage - 20,3i,2019-08-07,,TCAP-B3,BAG3-B4,5500000013,AICS-75,18,
1091,103,C4,/allen/aics/assay-dev/MicroscopyData/Melissa/2019/20190807/63x_exports/20190807_M01_002_Capture 1 - Capture 1 - C4 [144] Montage - 21,3i,2019-08-07,,TCAP-B3,BAG3-B4,5500000013,AICS-75,18,
1092,103,C4,/allen/aics/assay-dev/MicroscopyData/Melissa/2019/20190807/63x_exports/20190807_M01_002_Capture 1 - Capture 1 - C4 [144] Montage - 22,3i,2019-08-07,,TCAP-B3,BAG3-B4,5500000013,AICS-75,18,
1093,103,C4,/allen/aics/assay-dev/MicroscopyData/Melissa/2019/20190807/63x_exports/20190807_M01_002_Capture 1 - Capture 1 - C4 [144] Montage - 23,3i,2019-08-07,,TCAP-B3,BAG3-B4,5500000013,AICS-75,18,
1094,103,C4,/allen/aics/assay-dev/MicroscopyData/Melissa/2019/20190807/63x_exports/20190807_M01_002_Capture 1 - Capture 1 - C4 [144] Montage - 24,3i,2019-08-07,,TCAP-B3,BAG3-B4,5500000013,AICS-75,18,
1095,103,C4,/allen/aics/assay-dev/MicroscopyData/Melissa/2019/20190807/63x_exports/20190807_M01_002_Capture 1 - Capture 1 - C4 [144] Montage - 25,3i,2019-08-07,,TCAP-B3,BAG3-B4,5500000013,AICS-75,18,
1096,103,C4,/allen/aics/assay-dev/MicroscopyData/Melissa/2019/20190807/63x_exports/20190807_M01_002_Capture 1 - Capture 1 - C4 [144] Montage - 26,3i,2019-08-07,,TCAP-B3,BAG3-B4,5500000013,AICS-75,18,
1097,103,C4,/allen/aics/assay-dev/MicroscopyData/Melissa/2019/20190807/63x_exports/20190807_M01_002_Capture 1 - Capture 1 - C4 [144] Montage - 27,3i,2019-08-07,,TCAP-B3,BAG3-B4,5500000013,AICS-75,18,
1098,103,C4,/allen/aics/assay-dev/MicroscopyData/Melissa/2019/20190807/63x_exports/20190807_M01_002_Capture 1 - Capture 1 - C4 [144] Montage - 28,3i,2019-08-07,,TCAP-B3,BAG3-B4,5500000013,AICS-75,18,
1099,103,C4,/allen/aics/assay-dev/MicroscopyData/Melissa/2019/20190807/63x_exports/20190807_M01_002_Capture 1 - Capture 1 - C4 [144] Montage - 29,3i,2019-08-07,,TCAP-B3,BAG3-B4,5500000013,AICS-75,18,
1100,103,C4,/allen/aics/assay-dev/MicroscopyData/Melissa/2019/20190807/63x_exports/20190807_M01_002_Capture 1 - Capture 1 - C4 [144] Montage - 3,3i,2019-08-07,,TCAP-B3,BAG3-B4,5500000013,AICS-75,18,
1101,103,C4,/allen/aics/assay-dev/MicroscopyData/Melissa/2019/20190807/63x_exports/20190807_M01_002_Capture 1 - Capture 1 - C4 [144] Montage - 30,3i,2019-08-07,,TCAP-B3,BAG3-B4,5500000013,AICS-75,18,
1102,103,C4,/allen/aics/assay-dev/MicroscopyData/Melissa/2019/20190807/63x_exports/20190807_M01_002_Capture 1 - Capture 1 - C4 [144] Montage - 4,3i,2019-08-07,,TCAP-B3,BAG3-B4,5500000013,AICS-75,18,
1103,103,C4,/allen/aics/assay-dev/MicroscopyData/Melissa/2019/20190807/63x_exports/20190807_M01_002_Capture 1 - Capture 1 - C4 [144] Montage - 5,3i,2019-08-07,,TCAP-B3,BAG3-B4,5500000013,AICS-75,18,
1104,103,C4,/allen/aics/assay-dev/MicroscopyData/Melissa/2019/20190807/63x_exports/20190807_M01_002_Capture 1 - Capture 1 - C4 [144] Montage - 6,3i,2019-08-07,,TCAP-B3,BAG3-B4,5500000013,AICS-75,18,
1105,103,C4,/allen/aics/assay-dev/MicroscopyData/Melissa/2019/20190807/63x_exports/20190807_M01_002_Capture 1 - Capture 1 - C4 [144] Montage - 7,3i,2019-08-07,,TCAP-B3,BAG3-B4,5500000013,AICS-75,18,
1106,103,C4,/allen/aics/assay-dev/MicroscopyData/Melissa/2019/20190807/63x_exports/20190807_M01_002_Capture 1 - Capture 1 - C4 [144] Montage - 8,3i,2019-08-07,,TCAP-B3,BAG3-B4,5500000013,AICS-75,18,
1107,103,C4,/allen/aics/assay-dev/MicroscopyData/Melissa/2019/20190807/63x_exports/20190807_M01_002_Capture 1 - Capture 1 - C4 [144] Montage - 9,3i,2019-08-07,,TCAP-B3,BAG3-B4,5500000013,AICS-75,18,
1108,104,C5,/allen/aics/assay-dev/MicroscopyData/Melissa/2019/20190807/63x_exports/20190807_M01_002_Capture 1 - Capture 1 - C5 [144] Montage - 1,3i,2019-08-07,,ATP2A2-B1,H19-B3,5500000013,AICS-75,18,
1109,104,C5,/allen/aics/assay-dev/MicroscopyData/Melissa/2019/20190807/63x_exports/20190807_M01_002_Capture 1 - Capture 1 - C5 [144] Montage - 10,3i,2019-08-07,,ATP2A2-B1,H19-B3,5500000013,AICS-75,18,
1110,104,C5,/allen/aics/assay-dev/MicroscopyData/Melissa/2019/20190807/63x_exports/20190807_M01_002_Capture 1 - Capture 1 - C5 [144] Montage - 11,3i,2019-08-07,,ATP2A2-B1,H19-B3,5500000013,AICS-75,18,
1111,104,C5,/allen/aics/assay-dev/MicroscopyData/Melissa/2019/20190807/63x_exports/20190807_M01_002_Capture 1 - Capture 1 - C5 [144] Montage - 12,3i,2019-08-07,,ATP2A2-B1,H19-B3,5500000013,AICS-75,18,
1112,104,C5,/allen/aics/assay-dev/MicroscopyData/Melissa/2019/20190807/63x_exports/20190807_M01_002_Capture 1 - Capture 1 - C5 [144] Montage - 13,3i,2019-08-07,,ATP2A2-B1,H19-B3,5500000013,AICS-75,18,
1113,104,C5,/allen/aics/assay-dev/MicroscopyData/Melissa/2019/20190807/63x_exports/20190807_M01_002_Capture 1 - Capture 1 - C5 [144] Montage - 14,3i,2019-08-07,,ATP2A2-B1,H19-B3,5500000013,AICS-75,18,
1114,104,C5,/allen/aics/assay-dev/MicroscopyData/Melissa/2019/20190807/63x_exports/20190807_M01_002_Capture 1 - Capture 1 - C5 [144] Montage - 15,3i,2019-08-07,,ATP2A2-B1,H19-B3,5500000013,AICS-75,18,
1115,104,C5,/allen/aics/assay-dev/MicroscopyData/Melissa/2019/20190807/63x_exports/20190807_M01_002_Capture 1 - Capture 1 - C5 [144] Montage - 16,3i,2019-08-07,,ATP2A2-B1,H19-B3,5500000013,AICS-75,18,
1116,104,C5,/allen/aics/assay-dev/MicroscopyData/Melissa/2019/20190807/63x_exports/20190807_M01_002_Capture 1 - Capture 1 - C5 [144] Montage - 17,3i,2019-08-07,,ATP2A2-B1,H19-B3,5500000013,AICS-75,18,
1117,104,C5,/allen/aics/assay-dev/MicroscopyData/Melissa/2019/20190807/63x_exports/20190807_M01_002_Capture 1 - Capture 1 - C5 [144] Montage - 18,3i,2019-08-07,,ATP2A2-B1,H19-B3,5500000013,AICS-75,18,
1118,104,C5,/allen/aics/assay-dev/MicroscopyData/Melissa/2019/20190807/63x_exports/20190807_M01_002_Capture 1 - Capture 1 - C5 [144] Montage - 19,3i,2019-08-07,,ATP2A2-B1,H19-B3,5500000013,AICS-75,18,
1119,104,C5,/allen/aics/assay-dev/MicroscopyData/Melissa/2019/20190807/63x_exports/20190807_M01_002_Capture 1 - Capture 1 - C5 [144] Montage - 2,3i,2019-08-07,,ATP2A2-B1,H19-B3,5500000013,AICS-75,18,
1120,104,C5,/allen/aics/assay-dev/MicroscopyData/Melissa/2019/20190807/63x_exports/20190807_M01_002_Capture 1 - Capture 1 - C5 [144] Montage - 20,3i,2019-08-07,,ATP2A2-B1,H19-B3,5500000013,AICS-75,18,
1121,104,C5,/allen/aics/assay-dev/MicroscopyData/Melissa/2019/20190807/63x_exports/20190807_M01_002_Capture 1 - Capture 1 - C5 [144] Montage - 21,3i,2019-08-07,,ATP2A2-B1,H19-B3,5500000013,AICS-75,18,
1122,104,C5,/allen/aics/assay-dev/MicroscopyData/Melissa/2019/20190807/63x_exports/20190807_M01_002_Capture 1 - Capture 1 - C5 [144] Montage - 22,3i,2019-08-07,,ATP2A2-B1,H19-B3,5500000013,AICS-75,18,
1123,104,C5,/allen/aics/assay-dev/MicroscopyData/Melissa/2019/20190807/63x_exports/20190807_M01_002_Capture 1 - Capture 1 - C5 [144] Montage - 23,3i,2019-08-07,,ATP2A2-B1,H19-B3,5500000013,AICS-75,18,
1124,104,C5,/allen/aics/assay-dev/MicroscopyData/Melissa/2019/20190807/63x_exports/20190807_M01_002_Capture 1 - Capture 1 - C5 [144] Montage - 24,3i,2019-08-07,,ATP2A2-B1,H19-B3,5500000013,AICS-75,18,
1125,104,C5,/allen/aics/assay-dev/MicroscopyData/Melissa/2019/20190807/63x_exports/20190807_M01_002_Capture 1 - Capture 1 - C5 [144] Montage - 25,3i,2019-08-07,,ATP2A2-B1,H19-B3,5500000013,AICS-75,18,
1126,104,C5,/allen/aics/assay-dev/MicroscopyData/Melissa/2019/20190807/63x_exports/20190807_M01_002_Capture 1 - Capture 1 - C5 [144] Montage - 26,3i,2019-08-07,,ATP2A2-B1,H19-B3,5500000013,AICS-75,18,
1127,104,C5,/allen/aics/assay-dev/MicroscopyData/Melissa/2019/20190807/63x_exports/20190807_M01_002_Capture 1 - Capture 1 - C5 [144] Montage - 27,3i,2019-08-07,,ATP2A2-B1,H19-B3,5500000013,AICS-75,18,
1128,104,C5,/allen/aics/assay-dev/MicroscopyData/Melissa/2019/20190807/63x_exports/20190807_M01_002_Capture 1 - Capture 1 - C5 [144] Montage - 28,3i,2019-08-07,,ATP2A2-B1,H19-B3,5500000013,AICS-75,18,
1129,104,C5,/allen/aics/assay-dev/MicroscopyData/Melissa/2019/20190807/63x_exports/20190807_M01_002_Capture 1 - Capture 1 - C5 [144] Montage - 29,3i,2019-08-07,,ATP2A2-B1,H19-B3,5500000013,AICS-75,18,
1130,104,C5,/allen/aics/assay-dev/MicroscopyData/Melissa/2019/20190807/63x_exports/20190807_M01_002_Capture 1 - Capture 1 - C5 [144] Montage - 3,3i,2019-08-07,,ATP2A2-B1,H19-B3,5500000013,AICS-75,18,
1131,104,C5,/allen/aics/assay-dev/MicroscopyData/Melissa/2019/20190807/63x_exports/20190807_M01_002_Capture 1 - Capture 1 - C5 [144] Montage - 30,3i,2019-08-07,,ATP2A2-B1,H19-B3,5500000013,AICS-75,18,
1132,104,C5,/allen/aics/assay-dev/MicroscopyData/Melissa/2019/20190807/63x_exports/20190807_M01_002_Capture 1 - Capture 1 - C5 [144] Montage - 4,3i,2019-08-07,,ATP2A2-B1,H19-B3,5500000013,AICS-75,18,
1133,104,C5,/allen/aics/assay-dev/MicroscopyData/Melissa/2019/20190807/63x_exports/20190807_M01_002_Capture 1 - Capture 1 - C5 [144] Montage - 5,3i,2019-08-07,,ATP2A2-B1,H19-B3,5500000013,AICS-75,18,
1134,104,C5,/allen/aics/assay-dev/MicroscopyData/Melissa/2019/20190807/63x_exports/20190807_M01_002_Capture 1 - Capture 1 - C5 [144] Montage - 6,3i,2019-08-07,,ATP2A2-B1,H19-B3,5500000013,AICS-75,18,
1135,104,C5,/allen/aics/assay-dev/MicroscopyData/Melissa/2019/20190807/63x_exports/20190807_M01_002_Capture 1 - Capture 1 - C5 [144] Montage - 7,3i,2019-08-07,,ATP2A2-B1,H19-B3,5500000013,AICS-75,18,
1136,104,C5,/allen/aics/assay-dev/MicroscopyData/Melissa/2019/20190807/63x_exports/20190807_M01_002_Capture 1 - Capture 1 - C5 [144] Montage - 8,3i,2019-08-07,,ATP2A2-B1,H19-B3,5500000013,AICS-75,18,
1137,104,C5,/allen/aics/assay-dev/MicroscopyData/Melissa/2019/20190807/63x_exports/20190807_M01_002_Capture 1 - Capture 1 - C5 [144] Montage - 9,3i,2019-08-07,,ATP2A2-B1,H19-B3,5500000013,AICS-75,18,
1138,105,B2,/allen/aics/assay-dev/MicroscopyData/Melissa/2019/20190816/63x_exports/20190816_M02_001_Capture 3 - Capture 3 - B2 [144] Montage - 1,3i,2019-08-16,,HPRT1-B1,COL2A1-B4,5500000014,AICS-75,32,
1139,105,B2,/allen/aics/assay-dev/MicroscopyData/Melissa/2019/20190816/63x_exports/20190816_M02_001_Capture 3 - Capture 3 - B2 [144] Montage - 10,3i,2019-08-16,,HPRT1-B1,COL2A1-B4,5500000014,AICS-75,32,
1140,105,B2,/allen/aics/assay-dev/MicroscopyData/Melissa/2019/20190816/63x_exports/20190816_M02_001_Capture 3 - Capture 3 - B2 [144] Montage - 11,3i,2019-08-16,,HPRT1-B1,COL2A1-B4,5500000014,AICS-75,32,
1141,105,B2,/allen/aics/assay-dev/MicroscopyData/Melissa/2019/20190816/63x_exports/20190816_M02_001_Capture 3 - Capture 3 - B2 [144] Montage - 12,3i,2019-08-16,,HPRT1-B1,COL2A1-B4,5500000014,AICS-75,32,
1142,105,B2,/allen/aics/assay-dev/MicroscopyData/Melissa/2019/20190816/63x_exports/20190816_M02_001_Capture 3 - Capture 3 - B2 [144] Montage - 13,3i,2019-08-16,,HPRT1-B1,COL2A1-B4,5500000014,AICS-75,32,
1143,105,B2,/allen/aics/assay-dev/MicroscopyData/Melissa/2019/20190816/63x_exports/20190816_M02_001_Capture 3 - Capture 3 - B2 [144] Montage - 14,3i,2019-08-16,,HPRT1-B1,COL2A1-B4,5500000014,AICS-75,32,
1144,105,B2,/allen/aics/assay-dev/MicroscopyData/Melissa/2019/20190816/63x_exports/20190816_M02_001_Capture 3 - Capture 3 - B2 [144] Montage - 15,3i,2019-08-16,,HPRT1-B1,COL2A1-B4,5500000014,AICS-75,32,
1145,105,B2,/allen/aics/assay-dev/MicroscopyData/Melissa/2019/20190816/63x_exports/20190816_M02_001_Capture 3 - Capture 3 - B2 [144] Montage - 16,3i,2019-08-16,,HPRT1-B1,COL2A1-B4,5500000014,AICS-75,32,
1146,105,B2,/allen/aics/assay-dev/MicroscopyData/Melissa/2019/20190816/63x_exports/20190816_M02_001_Capture 3 - Capture 3 - B2 [144] Montage - 17,3i,2019-08-16,,HPRT1-B1,COL2A1-B4,5500000014,AICS-75,32,
1147,105,B2,/allen/aics/assay-dev/MicroscopyData/Melissa/2019/20190816/63x_exports/20190816_M02_001_Capture 3 - Capture 3 - B2 [144] Montage - 18,3i,2019-08-16,,HPRT1-B1,COL2A1-B4,5500000014,AICS-75,32,
1148,105,B2,/allen/aics/assay-dev/MicroscopyData/Melissa/2019/20190816/63x_exports/20190816_M02_001_Capture 3 - Capture 3 - B2 [144] Montage - 19,3i,2019-08-16,,HPRT1-B1,COL2A1-B4,5500000014,AICS-75,32,
1149,105,B2,/allen/aics/assay-dev/MicroscopyData/Melissa/2019/20190816/63x_exports/20190816_M02_001_Capture 3 - Capture 3 - B2 [144] Montage - 2,3i,2019-08-16,,HPRT1-B1,COL2A1-B4,5500000014,AICS-75,32,
1150,105,B2,/allen/aics/assay-dev/MicroscopyData/Melissa/2019/20190816/63x_exports/20190816_M02_001_Capture 3 - Capture 3 - B2 [144] Montage - 20,3i,2019-08-16,,HPRT1-B1,COL2A1-B4,5500000014,AICS-75,32,
1151,105,B2,/allen/aics/assay-dev/MicroscopyData/Melissa/2019/20190816/63x_exports/20190816_M02_001_Capture 3 - Capture 3 - B2 [144] Montage - 21,3i,2019-08-16,,HPRT1-B1,COL2A1-B4,5500000014,AICS-75,32,
1152,105,B2,/allen/aics/assay-dev/MicroscopyData/Melissa/2019/20190816/63x_exports/20190816_M02_001_Capture 3 - Capture 3 - B2 [144] Montage - 22,3i,2019-08-16,,HPRT1-B1,COL2A1-B4,5500000014,AICS-75,32,
1153,105,B2,/allen/aics/assay-dev/MicroscopyData/Melissa/2019/20190816/63x_exports/20190816_M02_001_Capture 3 - Capture 3 - B2 [144] Montage - 23,3i,2019-08-16,,HPRT1-B1,COL2A1-B4,5500000014,AICS-75,32,
1154,105,B2,/allen/aics/assay-dev/MicroscopyData/Melissa/2019/20190816/63x_exports/20190816_M02_001_Capture 3 - Capture 3 - B2 [144] Montage - 24,3i,2019-08-16,,HPRT1-B1,COL2A1-B4,5500000014,AICS-75,32,
1155,105,B2,/allen/aics/assay-dev/MicroscopyData/Melissa/2019/20190816/63x_exports/20190816_M02_001_Capture 3 - Capture 3 - B2 [144] Montage - 25,3i,2019-08-16,,HPRT1-B1,COL2A1-B4,5500000014,AICS-75,32,
1156,105,B2,/allen/aics/assay-dev/MicroscopyData/Melissa/2019/20190816/63x_exports/20190816_M02_001_Capture 3 - Capture 3 - B2 [144] Montage - 26,3i,2019-08-16,,HPRT1-B1,COL2A1-B4,5500000014,AICS-75,32,
1157,105,B2,/allen/aics/assay-dev/MicroscopyData/Melissa/2019/20190816/63x_exports/20190816_M02_001_Capture 3 - Capture 3 - B2 [144] Montage - 27,3i,2019-08-16,,HPRT1-B1,COL2A1-B4,5500000014,AICS-75,32,
1158,105,B2,/allen/aics/assay-dev/MicroscopyData/Melissa/2019/20190816/63x_exports/20190816_M02_001_Capture 3 - Capture 3 - B2 [144] Montage - 28,3i,2019-08-16,,HPRT1-B1,COL2A1-B4,5500000014,AICS-75,32,
1159,105,B2,/allen/aics/assay-dev/MicroscopyData/Melissa/2019/20190816/63x_exports/20190816_M02_001_Capture 3 - Capture 3 - B2 [144] Montage - 29,3i,2019-08-16,,HPRT1-B1,COL2A1-B4,5500000014,AICS-75,32,
1160,105,B2,/allen/aics/assay-dev/MicroscopyData/Melissa/2019/20190816/63x_exports/20190816_M02_001_Capture 3 - Capture 3 - B2 [144] Montage - 3,3i,2019-08-16,,HPRT1-B1,COL2A1-B4,5500000014,AICS-75,32,
1161,105,B2,/allen/aics/assay-dev/MicroscopyData/Melissa/2019/20190816/63x_exports/20190816_M02_001_Capture 3 - Capture 3 - B2 [144] Montage - 30,3i,2019-08-16,,HPRT1-B1,COL2A1-B4,5500000014,AICS-75,32,
1162,105,B2,/allen/aics/assay-dev/MicroscopyData/Melissa/2019/20190816/63x_exports/20190816_M02_001_Capture 3 - Capture 3 - B2 [144] Montage - 4,3i,2019-08-16,,HPRT1-B1,COL2A1-B4,5500000014,AICS-75,32,
1163,105,B2,/allen/aics/assay-dev/MicroscopyData/Melissa/2019/20190816/63x_exports/20190816_M02_001_Capture 3 - Capture 3 - B2 [144] Montage - 5,3i,2019-08-16,,HPRT1-B1,COL2A1-B4,5500000014,AICS-75,32,
1164,105,B2,/allen/aics/assay-dev/MicroscopyData/Melissa/2019/20190816/63x_exports/20190816_M02_001_Capture 3 - Capture 3 - B2 [144] Montage - 6,3i,2019-08-16,,HPRT1-B1,COL2A1-B4,5500000014,AICS-75,32,
1165,105,B2,/allen/aics/assay-dev/MicroscopyData/Melissa/2019/20190816/63x_exports/20190816_M02_001_Capture 3 - Capture 3 - B2 [144] Montage - 7,3i,2019-08-16,,HPRT1-B1,COL2A1-B4,5500000014,AICS-75,32,
1166,105,B2,/allen/aics/assay-dev/MicroscopyData/Melissa/2019/20190816/63x_exports/20190816_M02_001_Capture 3 - Capture 3 - B2 [144] Montage - 8,3i,2019-08-16,,HPRT1-B1,COL2A1-B4,5500000014,AICS-75,32,
1167,105,B2,/allen/aics/assay-dev/MicroscopyData/Melissa/2019/20190816/63x_exports/20190816_M02_001_Capture 3 - Capture 3 - B2 [144] Montage - 9,3i,2019-08-16,,HPRT1-B1,COL2A1-B4,5500000014,AICS-75,32,
1168,106,B3,/allen/aics/assay-dev/MicroscopyData/Melissa/2019/20190816/63x_exports/20190816_M02_001_Capture 3 - Capture 3 - B3 [144] Montage - 1,3i,2019-08-16,,MYH6-B1,MYH7-B4,5500000014,AICS-75,32,
1169,106,B3,/allen/aics/assay-dev/MicroscopyData/Melissa/2019/20190816/63x_exports/20190816_M02_001_Capture 3 - Capture 3 - B3 [144] Montage - 10,3i,2019-08-16,,MYH6-B1,MYH7-B4,5500000014,AICS-75,32,
1170,106,B3,/allen/aics/assay-dev/MicroscopyData/Melissa/2019/20190816/63x_exports/20190816_M02_001_Capture 3 - Capture 3 - B3 [144] Montage - 11,3i,2019-08-16,,MYH6-B1,MYH7-B4,5500000014,AICS-75,32,
1171,106,B3,/allen/aics/assay-dev/MicroscopyData/Melissa/2019/20190816/63x_exports/20190816_M02_001_Capture 3 - Capture 3 - B3 [144] Montage - 12,3i,2019-08-16,,MYH6-B1,MYH7-B4,5500000014,AICS-75,32,
1172,106,B3,/allen/aics/assay-dev/MicroscopyData/Melissa/2019/20190816/63x_exports/20190816_M02_001_Capture 3 - Capture 3 - B3 [144] Montage - 13,3i,2019-08-16,,MYH6-B1,MYH7-B4,5500000014,AICS-75,32,
1173,106,B3,/allen/aics/assay-dev/MicroscopyData/Melissa/2019/20190816/63x_exports/20190816_M02_001_Capture 3 - Capture 3 - B3 [144] Montage - 14,3i,2019-08-16,,MYH6-B1,MYH7-B4,5500000014,AICS-75,32,
1174,106,B3,/allen/aics/assay-dev/MicroscopyData/Melissa/2019/20190816/63x_exports/20190816_M02_001_Capture 3 - Capture 3 - B3 [144] Montage - 15,3i,2019-08-16,,MYH6-B1,MYH7-B4,5500000014,AICS-75,32,
1175,106,B3,/allen/aics/assay-dev/MicroscopyData/Melissa/2019/20190816/63x_exports/20190816_M02_001_Capture 3 - Capture 3 - B3 [144] Montage - 16,3i,2019-08-16,,MYH6-B1,MYH7-B4,5500000014,AICS-75,32,
1176,106,B3,/allen/aics/assay-dev/MicroscopyData/Melissa/2019/20190816/63x_exports/20190816_M02_001_Capture 3 - Capture 3 - B3 [144] Montage - 17,3i,2019-08-16,,MYH6-B1,MYH7-B4,5500000014,AICS-75,32,
1177,106,B3,/allen/aics/assay-dev/MicroscopyData/Melissa/2019/20190816/63x_exports/20190816_M02_001_Capture 3 - Capture 3 - B3 [144] Montage - 18,3i,2019-08-16,,MYH6-B1,MYH7-B4,5500000014,AICS-75,32,
1178,106,B3,/allen/aics/assay-dev/MicroscopyData/Melissa/2019/20190816/63x_exports/20190816_M02_001_Capture 3 - Capture 3 - B3 [144] Montage - 19,3i,2019-08-16,,MYH6-B1,MYH7-B4,5500000014,AICS-75,32,
1179,106,B3,/allen/aics/assay-dev/MicroscopyData/Melissa/2019/20190816/63x_exports/20190816_M02_001_Capture 3 - Capture 3 - B3 [144] Montage - 2,3i,2019-08-16,,MYH6-B1,MYH7-B4,5500000014,AICS-75,32,
1180,106,B3,/allen/aics/assay-dev/MicroscopyData/Melissa/2019/20190816/63x_exports/20190816_M02_001_Capture 3 - Capture 3 - B3 [144] Montage - 20,3i,2019-08-16,,MYH6-B1,MYH7-B4,5500000014,AICS-75,32,
1181,106,B3,/allen/aics/assay-dev/MicroscopyData/Melissa/2019/20190816/63x_exports/20190816_M02_001_Capture 3 - Capture 3 - B3 [144] Montage - 21,3i,2019-08-16,,MYH6-B1,MYH7-B4,5500000014,AICS-75,32,
1182,106,B3,/allen/aics/assay-dev/MicroscopyData/Melissa/2019/20190816/63x_exports/20190816_M02_001_Capture 3 - Capture 3 - B3 [144] Montage - 22,3i,2019-08-16,,MYH6-B1,MYH7-B4,5500000014,AICS-75,32,
1183,106,B3,/allen/aics/assay-dev/MicroscopyData/Melissa/2019/20190816/63x_exports/20190816_M02_001_Capture 3 - Capture 3 - B3 [144] Montage - 23,3i,2019-08-16,,MYH6-B1,MYH7-B4,5500000014,AICS-75,32,
1184,106,B3,/allen/aics/assay-dev/MicroscopyData/Melissa/2019/20190816/63x_exports/20190816_M02_001_Capture 3 - Capture 3 - B3 [144] Montage - 24,3i,2019-08-16,,MYH6-B1,MYH7-B4,5500000014,AICS-75,32,
1185,106,B3,/allen/aics/assay-dev/MicroscopyData/Melissa/2019/20190816/63x_exports/20190816_M02_001_Capture 3 - Capture 3 - B3 [144] Montage - 25,3i,2019-08-16,,MYH6-B1,MYH7-B4,5500000014,AICS-75,32,
1186,106,B3,/allen/aics/assay-dev/MicroscopyData/Melissa/2019/20190816/63x_exports/20190816_M02_001_Capture 3 - Capture 3 - B3 [144] Montage - 26,3i,2019-08-16,,MYH6-B1,MYH7-B4,5500000014,AICS-75,32,
1187,106,B3,/allen/aics/assay-dev/MicroscopyData/Melissa/2019/20190816/63x_exports/20190816_M02_001_Capture 3 - Capture 3 - B3 [144] Montage - 27,3i,2019-08-16,,MYH6-B1,MYH7-B4,5500000014,AICS-75,32,
1188,106,B3,/allen/aics/assay-dev/MicroscopyData/Melissa/2019/20190816/63x_exports/20190816_M02_001_Capture 3 - Capture 3 - B3 [144] Montage - 28,3i,2019-08-16,,MYH6-B1,MYH7-B4,5500000014,AICS-75,32,
1189,106,B3,/allen/aics/assay-dev/MicroscopyData/Melissa/2019/20190816/63x_exports/20190816_M02_001_Capture 3 - Capture 3 - B3 [144] Montage - 29,3i,2019-08-16,,MYH6-B1,MYH7-B4,5500000014,AICS-75,32,
1190,106,B3,/allen/aics/assay-dev/MicroscopyData/Melissa/2019/20190816/63x_exports/20190816_M02_001_Capture 3 - Capture 3 - B3 [144] Montage - 3,3i,2019-08-16,,MYH6-B1,MYH7-B4,5500000014,AICS-75,32,
1191,106,B3,/allen/aics/assay-dev/MicroscopyData/Melissa/2019/20190816/63x_exports/20190816_M02_001_Capture 3 - Capture 3 - B3 [144] Montage - 30,3i,2019-08-16,,MYH6-B1,MYH7-B4,5500000014,AICS-75,32,
1192,106,B3,/allen/aics/assay-dev/MicroscopyData/Melissa/2019/20190816/63x_exports/20190816_M02_001_Capture 3 - Capture 3 - B3 [144] Montage - 4,3i,2019-08-16,,MYH6-B1,MYH7-B4,5500000014,AICS-75,32,
1193,106,B3,/allen/aics/assay-dev/MicroscopyData/Melissa/2019/20190816/63x_exports/20190816_M02_001_Capture 3 - Capture 3 - B3 [144] Montage - 5,3i,2019-08-16,,MYH6-B1,MYH7-B4,5500000014,AICS-75,32,
1194,106,B3,/allen/aics/assay-dev/MicroscopyData/Melissa/2019/20190816/63x_exports/20190816_M02_001_Capture 3 - Capture 3 - B3 [144] Montage - 6,3i,2019-08-16,,MYH6-B1,MYH7-B4,5500000014,AICS-75,32,
1195,106,B3,/allen/aics/assay-dev/MicroscopyData/Melissa/2019/20190816/63x_exports/20190816_M02_001_Capture 3 - Capture 3 - B3 [144] Montage - 7,3i,2019-08-16,,MYH6-B1,MYH7-B4,5500000014,AICS-75,32,
1196,106,B3,/allen/aics/assay-dev/MicroscopyData/Melissa/2019/20190816/63x_exports/20190816_M02_001_Capture 3 - Capture 3 - B3 [144] Montage - 8,3i,2019-08-16,,MYH6-B1,MYH7-B4,5500000014,AICS-75,32,
1197,106,B3,/allen/aics/assay-dev/MicroscopyData/Melissa/2019/20190816/63x_exports/20190816_M02_001_Capture 3 - Capture 3 - B3 [144] Montage - 9,3i,2019-08-16,,MYH6-B1,MYH7-B4,5500000014,AICS-75,32,
1198,107,B4,/allen/aics/assay-dev/MicroscopyData/Melissa/2019/20190816/63x_exports/20190816_M02_001_Capture 3 - Capture 3 - B4 [144] Montage - 1,3i,2019-08-16,,TCAP-B3,BAG3-B4,5500000014,AICS-75,32,
1199,107,B4,/allen/aics/assay-dev/MicroscopyData/Melissa/2019/20190816/63x_exports/20190816_M02_001_Capture 3 - Capture 3 - B4 [144] Montage - 10,3i,2019-08-16,,TCAP-B3,BAG3-B4,5500000014,AICS-75,32,
1200,107,B4,/allen/aics/assay-dev/MicroscopyData/Melissa/2019/20190816/63x_exports/20190816_M02_001_Capture 3 - Capture 3 - B4 [144] Montage - 11,3i,2019-08-16,,TCAP-B3,BAG3-B4,5500000014,AICS-75,32,
1201,107,B4,/allen/aics/assay-dev/MicroscopyData/Melissa/2019/20190816/63x_exports/20190816_M02_001_Capture 3 - Capture 3 - B4 [144] Montage - 12,3i,2019-08-16,,TCAP-B3,BAG3-B4,5500000014,AICS-75,32,
1202,107,B4,/allen/aics/assay-dev/MicroscopyData/Melissa/2019/20190816/63x_exports/20190816_M02_001_Capture 3 - Capture 3 - B4 [144] Montage - 13,3i,2019-08-16,,TCAP-B3,BAG3-B4,5500000014,AICS-75,32,
1203,107,B4,/allen/aics/assay-dev/MicroscopyData/Melissa/2019/20190816/63x_exports/20190816_M02_001_Capture 3 - Capture 3 - B4 [144] Montage - 14,3i,2019-08-16,,TCAP-B3,BAG3-B4,5500000014,AICS-75,32,
1204,107,B4,/allen/aics/assay-dev/MicroscopyData/Melissa/2019/20190816/63x_exports/20190816_M02_001_Capture 3 - Capture 3 - B4 [144] Montage - 15,3i,2019-08-16,,TCAP-B3,BAG3-B4,5500000014,AICS-75,32,
1205,107,B4,/allen/aics/assay-dev/MicroscopyData/Melissa/2019/20190816/63x_exports/20190816_M02_001_Capture 3 - Capture 3 - B4 [144] Montage - 16,3i,2019-08-16,,TCAP-B3,BAG3-B4,5500000014,AICS-75,32,
1206,107,B4,/allen/aics/assay-dev/MicroscopyData/Melissa/2019/20190816/63x_exports/20190816_M02_001_Capture 3 - Capture 3 - B4 [144] Montage - 17,3i,2019-08-16,,TCAP-B3,BAG3-B4,5500000014,AICS-75,32,
1207,107,B4,/allen/aics/assay-dev/MicroscopyData/Melissa/2019/20190816/63x_exports/20190816_M02_001_Capture 3 - Capture 3 - B4 [144] Montage - 18,3i,2019-08-16,,TCAP-B3,BAG3-B4,5500000014,AICS-75,32,
1208,107,B4,/allen/aics/assay-dev/MicroscopyData/Melissa/2019/20190816/63x_exports/20190816_M02_001_Capture 3 - Capture 3 - B4 [144] Montage - 19,3i,2019-08-16,,TCAP-B3,BAG3-B4,5500000014,AICS-75,32,
1209,107,B4,/allen/aics/assay-dev/MicroscopyData/Melissa/2019/20190816/63x_exports/20190816_M02_001_Capture 3 - Capture 3 - B4 [144] Montage - 2,3i,2019-08-16,,TCAP-B3,BAG3-B4,5500000014,AICS-75,32,
1210,107,B4,/allen/aics/assay-dev/MicroscopyData/Melissa/2019/20190816/63x_exports/20190816_M02_001_Capture 3 - Capture 3 - B4 [144] Montage - 20,3i,2019-08-16,,TCAP-B3,BAG3-B4,5500000014,AICS-75,32,
1211,107,B4,/allen/aics/assay-dev/MicroscopyData/Melissa/2019/20190816/63x_exports/20190816_M02_001_Capture 3 - Capture 3 - B4 [144] Montage - 21,3i,2019-08-16,,TCAP-B3,BAG3-B4,5500000014,AICS-75,32,
1212,107,B4,/allen/aics/assay-dev/MicroscopyData/Melissa/2019/20190816/63x_exports/20190816_M02_001_Capture 3 - Capture 3 - B4 [144] Montage - 22,3i,2019-08-16,,TCAP-B3,BAG3-B4,5500000014,AICS-75,32,
1213,107,B4,/allen/aics/assay-dev/MicroscopyData/Melissa/2019/20190816/63x_exports/20190816_M02_001_Capture 3 - Capture 3 - B4 [144] Montage - 23,3i,2019-08-16,,TCAP-B3,BAG3-B4,5500000014,AICS-75,32,
1214,107,B4,/allen/aics/assay-dev/MicroscopyData/Melissa/2019/20190816/63x_exports/20190816_M02_001_Capture 3 - Capture 3 - B4 [144] Montage - 24,3i,2019-08-16,,TCAP-B3,BAG3-B4,5500000014,AICS-75,32,
1215,107,B4,/allen/aics/assay-dev/MicroscopyData/Melissa/2019/20190816/63x_exports/20190816_M02_001_Capture 3 - Capture 3 - B4 [144] Montage - 25,3i,2019-08-16,,TCAP-B3,BAG3-B4,5500000014,AICS-75,32,
1216,107,B4,/allen/aics/assay-dev/MicroscopyData/Melissa/2019/20190816/63x_exports/20190816_M02_001_Capture 3 - Capture 3 - B4 [144] Montage - 26,3i,2019-08-16,,TCAP-B3,BAG3-B4,5500000014,AICS-75,32,
1217,107,B4,/allen/aics/assay-dev/MicroscopyData/Melissa/2019/20190816/63x_exports/20190816_M02_001_Capture 3 - Capture 3 - B4 [144] Montage - 27,3i,2019-08-16,,TCAP-B3,BAG3-B4,5500000014,AICS-75,32,
1218,107,B4,/allen/aics/assay-dev/MicroscopyData/Melissa/2019/20190816/63x_exports/20190816_M02_001_Capture 3 - Capture 3 - B4 [144] Montage - 28,3i,2019-08-16,,TCAP-B3,BAG3-B4,5500000014,AICS-75,32,
1219,107,B4,/allen/aics/assay-dev/MicroscopyData/Melissa/2019/20190816/63x_exports/20190816_M02_001_Capture 3 - Capture 3 - B4 [144] Montage - 29,3i,2019-08-16,,TCAP-B3,BAG3-B4,5500000014,AICS-75,32,
1220,107,B4,/allen/aics/assay-dev/MicroscopyData/Melissa/2019/20190816/63x_exports/20190816_M02_001_Capture 3 - Capture 3 - B4 [144] Montage - 3,3i,2019-08-16,,TCAP-B3,BAG3-B4,5500000014,AICS-75,32,
1221,107,B4,/allen/aics/assay-dev/MicroscopyData/Melissa/2019/20190816/63x_exports/20190816_M02_001_Capture 3 - Capture 3 - B4 [144] Montage - 30,3i,2019-08-16,,TCAP-B3,BAG3-B4,5500000014,AICS-75,32,
1222,107,B4,/allen/aics/assay-dev/MicroscopyData/Melissa/2019/20190816/63x_exports/20190816_M02_001_Capture 3 - Capture 3 - B4 [144] Montage - 4,3i,2019-08-16,,TCAP-B3,BAG3-B4,5500000014,AICS-75,32,
1223,107,B4,/allen/aics/assay-dev/MicroscopyData/Melissa/2019/20190816/63x_exports/20190816_M02_001_Capture 3 - Capture 3 - B4 [144] Montage - 5,3i,2019-08-16,,TCAP-B3,BAG3-B4,5500000014,AICS-75,32,
1224,107,B4,/allen/aics/assay-dev/MicroscopyData/Melissa/2019/20190816/63x_exports/20190816_M02_001_Capture 3 - Capture 3 - B4 [144] Montage - 6,3i,2019-08-16,,TCAP-B3,BAG3-B4,5500000014,AICS-75,32,
1225,107,B4,/allen/aics/assay-dev/MicroscopyData/Melissa/2019/20190816/63x_exports/20190816_M02_001_Capture 3 - Capture 3 - B4 [144] Montage - 7,3i,2019-08-16,,TCAP-B3,BAG3-B4,5500000014,AICS-75,32,
1226,107,B4,/allen/aics/assay-dev/MicroscopyData/Melissa/2019/20190816/63x_exports/20190816_M02_001_Capture 3 - Capture 3 - B4 [144] Montage - 8,3i,2019-08-16,,TCAP-B3,BAG3-B4,5500000014,AICS-75,32,
1227,107,B4,/allen/aics/assay-dev/MicroscopyData/Melissa/2019/20190816/63x_exports/20190816_M02_001_Capture 3 - Capture 3 - B4 [144] Montage - 9,3i,2019-08-16,,TCAP-B3,BAG3-B4,5500000014,AICS-75,32,
1228,108,B5,/allen/aics/assay-dev/MicroscopyData/Melissa/2019/20190816/63x_exports/20190816_M02_001_Capture 3 - Capture 3 - B5 [144] Montage - 1,3i,2019-08-16,,ATP2A2-B1,H19-B3,5500000014,AICS-75,32,
1229,108,B5,/allen/aics/assay-dev/MicroscopyData/Melissa/2019/20190816/63x_exports/20190816_M02_001_Capture 3 - Capture 3 - B5 [144] Montage - 10,3i,2019-08-16,,ATP2A2-B1,H19-B3,5500000014,AICS-75,32,
1230,108,B5,/allen/aics/assay-dev/MicroscopyData/Melissa/2019/20190816/63x_exports/20190816_M02_001_Capture 3 - Capture 3 - B5 [144] Montage - 11,3i,2019-08-16,,ATP2A2-B1,H19-B3,5500000014,AICS-75,32,
1231,108,B5,/allen/aics/assay-dev/MicroscopyData/Melissa/2019/20190816/63x_exports/20190816_M02_001_Capture 3 - Capture 3 - B5 [144] Montage - 12,3i,2019-08-16,,ATP2A2-B1,H19-B3,5500000014,AICS-75,32,
1232,108,B5,/allen/aics/assay-dev/MicroscopyData/Melissa/2019/20190816/63x_exports/20190816_M02_001_Capture 3 - Capture 3 - B5 [144] Montage - 13,3i,2019-08-16,,ATP2A2-B1,H19-B3,5500000014,AICS-75,32,
1233,108,B5,/allen/aics/assay-dev/MicroscopyData/Melissa/2019/20190816/63x_exports/20190816_M02_001_Capture 3 - Capture 3 - B5 [144] Montage - 14,3i,2019-08-16,,ATP2A2-B1,H19-B3,5500000014,AICS-75,32,
1234,108,B5,/allen/aics/assay-dev/MicroscopyData/Melissa/2019/20190816/63x_exports/20190816_M02_001_Capture 3 - Capture 3 - B5 [144] Montage - 15,3i,2019-08-16,,ATP2A2-B1,H19-B3,5500000014,AICS-75,32,
1235,108,B5,/allen/aics/assay-dev/MicroscopyData/Melissa/2019/20190816/63x_exports/20190816_M02_001_Capture 3 - Capture 3 - B5 [144] Montage - 16,3i,2019-08-16,,ATP2A2-B1,H19-B3,5500000014,AICS-75,32,
1236,108,B5,/allen/aics/assay-dev/MicroscopyData/Melissa/2019/20190816/63x_exports/20190816_M02_001_Capture 3 - Capture 3 - B5 [144] Montage - 17,3i,2019-08-16,,ATP2A2-B1,H19-B3,5500000014,AICS-75,32,
1237,108,B5,/allen/aics/assay-dev/MicroscopyData/Melissa/2019/20190816/63x_exports/20190816_M02_001_Capture 3 - Capture 3 - B5 [144] Montage - 18,3i,2019-08-16,,ATP2A2-B1,H19-B3,5500000014,AICS-75,32,
1238,108,B5,/allen/aics/assay-dev/MicroscopyData/Melissa/2019/20190816/63x_exports/20190816_M02_001_Capture 3 - Capture 3 - B5 [144] Montage - 19,3i,2019-08-16,,ATP2A2-B1,H19-B3,5500000014,AICS-75,32,
1239,108,B5,/allen/aics/assay-dev/MicroscopyData/Melissa/2019/20190816/63x_exports/20190816_M02_001_Capture 3 - Capture 3 - B5 [144] Montage - 2,3i,2019-08-16,,ATP2A2-B1,H19-B3,5500000014,AICS-75,32,
1240,108,B5,/allen/aics/assay-dev/MicroscopyData/Melissa/2019/20190816/63x_exports/20190816_M02_001_Capture 3 - Capture 3 - B5 [144] Montage - 20,3i,2019-08-16,,ATP2A2-B1,H19-B3,5500000014,AICS-75,32,
1241,108,B5,/allen/aics/assay-dev/MicroscopyData/Melissa/2019/20190816/63x_exports/20190816_M02_001_Capture 3 - Capture 3 - B5 [144] Montage - 21,3i,2019-08-16,,ATP2A2-B1,H19-B3,5500000014,AICS-75,32,
1242,108,B5,/allen/aics/assay-dev/MicroscopyData/Melissa/2019/20190816/63x_exports/20190816_M02_001_Capture 3 - Capture 3 - B5 [144] Montage - 22,3i,2019-08-16,,ATP2A2-B1,H19-B3,5500000014,AICS-75,32,
1243,108,B5,/allen/aics/assay-dev/MicroscopyData/Melissa/2019/20190816/63x_exports/20190816_M02_001_Capture 3 - Capture 3 - B5 [144] Montage - 23,3i,2019-08-16,,ATP2A2-B1,H19-B3,5500000014,AICS-75,32,
1244,108,B5,/allen/aics/assay-dev/MicroscopyData/Melissa/2019/20190816/63x_exports/20190816_M02_001_Capture 3 - Capture 3 - B5 [144] Montage - 24,3i,2019-08-16,,ATP2A2-B1,H19-B3,5500000014,AICS-75,32,
1245,108,B5,/allen/aics/assay-dev/MicroscopyData/Melissa/2019/20190816/63x_exports/20190816_M02_001_Capture 3 - Capture 3 - B5 [144] Montage - 25,3i,2019-08-16,,ATP2A2-B1,H19-B3,5500000014,AICS-75,32,
1246,108,B5,/allen/aics/assay-dev/MicroscopyData/Melissa/2019/20190816/63x_exports/20190816_M02_001_Capture 3 - Capture 3 - B5 [144] Montage - 26,3i,2019-08-16,,ATP2A2-B1,H19-B3,5500000014,AICS-75,32,
1247,108,B5,/allen/aics/assay-dev/MicroscopyData/Melissa/2019/20190816/63x_exports/20190816_M02_001_Capture 3 - Capture 3 - B5 [144] Montage - 27,3i,2019-08-16,,ATP2A2-B1,H19-B3,5500000014,AICS-75,32,
1248,108,B5,/allen/aics/assay-dev/MicroscopyData/Melissa/2019/20190816/63x_exports/20190816_M02_001_Capture 3 - Capture 3 - B5 [144] Montage - 28,3i,2019-08-16,,ATP2A2-B1,H19-B3,5500000014,AICS-75,32,
1249,108,B5,/allen/aics/assay-dev/MicroscopyData/Melissa/2019/20190816/63x_exports/20190816_M02_001_Capture 3 - Capture 3 - B5 [144] Montage - 29,3i,2019-08-16,,ATP2A2-B1,H19-B3,5500000014,AICS-75,32,
1250,108,B5,/allen/aics/assay-dev/MicroscopyData/Melissa/2019/20190816/63x_exports/20190816_M02_001_Capture 3 - Capture 3 - B5 [144] Montage - 3,3i,2019-08-16,,ATP2A2-B1,H19-B3,5500000014,AICS-75,32,
1251,108,B5,/allen/aics/assay-dev/MicroscopyData/Melissa/2019/20190816/63x_exports/20190816_M02_001_Capture 3 - Capture 3 - B5 [144] Montage - 30,3i,2019-08-16,,ATP2A2-B1,H19-B3,5500000014,AICS-75,32,
1252,108,B5,/allen/aics/assay-dev/MicroscopyData/Melissa/2019/20190816/63x_exports/20190816_M02_001_Capture 3 - Capture 3 - B5 [144] Montage - 4,3i,2019-08-16,,ATP2A2-B1,H19-B3,5500000014,AICS-75,32,
1253,108,B5,/allen/aics/assay-dev/MicroscopyData/Melissa/2019/20190816/63x_exports/20190816_M02_001_Capture 3 - Capture 3 - B5 [144] Montage - 5,3i,2019-08-16,,ATP2A2-B1,H19-B3,5500000014,AICS-75,32,
1254,108,B5,/allen/aics/assay-dev/MicroscopyData/Melissa/2019/20190816/63x_exports/20190816_M02_001_Capture 3 - Capture 3 - B5 [144] Montage - 6,3i,2019-08-16,,ATP2A2-B1,H19-B3,5500000014,AICS-75,32,
1255,108,B5,/allen/aics/assay-dev/MicroscopyData/Melissa/2019/20190816/63x_exports/20190816_M02_001_Capture 3 - Capture 3 - B5 [144] Montage - 7,3i,2019-08-16,,ATP2A2-B1,H19-B3,5500000014,AICS-75,32,
1256,108,B5,/allen/aics/assay-dev/MicroscopyData/Melissa/2019/20190816/63x_exports/20190816_M02_001_Capture 3 - Capture 3 - B5 [144] Montage - 8,3i,2019-08-16,,ATP2A2-B1,H19-B3,5500000014,AICS-75,32,
1257,108,B5,/allen/aics/assay-dev/MicroscopyData/Melissa/2019/20190816/63x_exports/20190816_M02_001_Capture 3 - Capture 3 - B5 [144] Montage - 9,3i,2019-08-16,,ATP2A2-B1,H19-B3,5500000014,AICS-75,32,
1258,109,C2,/allen/aics/assay-dev/MicroscopyData/Melissa/2019/20190816/63x_exports/20190816_M02_002_Capture 1 - Capture 3 - C2 [144] Montage - 1,3i,2019-08-16,,HPRT1-B1,COL2A1-B4,5500000014,AICS-75,32,
1259,109,C2,/allen/aics/assay-dev/MicroscopyData/Melissa/2019/20190816/63x_exports/20190816_M02_002_Capture 1 - Capture 3 - C2 [144] Montage - 10,3i,2019-08-16,,HPRT1-B1,COL2A1-B4,5500000014,AICS-75,32,
1260,109,C2,/allen/aics/assay-dev/MicroscopyData/Melissa/2019/20190816/63x_exports/20190816_M02_002_Capture 1 - Capture 3 - C2 [144] Montage - 11,3i,2019-08-16,,HPRT1-B1,COL2A1-B4,5500000014,AICS-75,32,
1261,109,C2,/allen/aics/assay-dev/MicroscopyData/Melissa/2019/20190816/63x_exports/20190816_M02_002_Capture 1 - Capture 3 - C2 [144] Montage - 12,3i,2019-08-16,,HPRT1-B1,COL2A1-B4,5500000014,AICS-75,32,
1262,109,C2,/allen/aics/assay-dev/MicroscopyData/Melissa/2019/20190816/63x_exports/20190816_M02_002_Capture 1 - Capture 3 - C2 [144] Montage - 13,3i,2019-08-16,,HPRT1-B1,COL2A1-B4,5500000014,AICS-75,32,
1263,109,C2,/allen/aics/assay-dev/MicroscopyData/Melissa/2019/20190816/63x_exports/20190816_M02_002_Capture 1 - Capture 3 - C2 [144] Montage - 14,3i,2019-08-16,,HPRT1-B1,COL2A1-B4,5500000014,AICS-75,32,
1264,109,C2,/allen/aics/assay-dev/MicroscopyData/Melissa/2019/20190816/63x_exports/20190816_M02_002_Capture 1 - Capture 3 - C2 [144] Montage - 15,3i,2019-08-16,,HPRT1-B1,COL2A1-B4,5500000014,AICS-75,32,
1265,109,C2,/allen/aics/assay-dev/MicroscopyData/Melissa/2019/20190816/63x_exports/20190816_M02_002_Capture 1 - Capture 3 - C2 [144] Montage - 16,3i,2019-08-16,,HPRT1-B1,COL2A1-B4,5500000014,AICS-75,32,
1266,109,C2,/allen/aics/assay-dev/MicroscopyData/Melissa/2019/20190816/63x_exports/20190816_M02_002_Capture 1 - Capture 3 - C2 [144] Montage - 17,3i,2019-08-16,,HPRT1-B1,COL2A1-B4,5500000014,AICS-75,32,
1267,109,C2,/allen/aics/assay-dev/MicroscopyData/Melissa/2019/20190816/63x_exports/20190816_M02_002_Capture 1 - Capture 3 - C2 [144] Montage - 18,3i,2019-08-16,,HPRT1-B1,COL2A1-B4,5500000014,AICS-75,32,
1268,109,C2,/allen/aics/assay-dev/MicroscopyData/Melissa/2019/20190816/63x_exports/20190816_M02_002_Capture 1 - Capture 3 - C2 [144] Montage - 19,3i,2019-08-16,,HPRT1-B1,COL2A1-B4,5500000014,AICS-75,32,
1269,109,C2,/allen/aics/assay-dev/MicroscopyData/Melissa/2019/20190816/63x_exports/20190816_M02_002_Capture 1 - Capture 3 - C2 [144] Montage - 2,3i,2019-08-16,,HPRT1-B1,COL2A1-B4,5500000014,AICS-75,32,
1270,109,C2,/allen/aics/assay-dev/MicroscopyData/Melissa/2019/20190816/63x_exports/20190816_M02_002_Capture 1 - Capture 3 - C2 [144] Montage - 20,3i,2019-08-16,,HPRT1-B1,COL2A1-B4,5500000014,AICS-75,32,
1271,109,C2,/allen/aics/assay-dev/MicroscopyData/Melissa/2019/20190816/63x_exports/20190816_M02_002_Capture 1 - Capture 3 - C2 [144] Montage - 21,3i,2019-08-16,,HPRT1-B1,COL2A1-B4,5500000014,AICS-75,32,
1272,109,C2,/allen/aics/assay-dev/MicroscopyData/Melissa/2019/20190816/63x_exports/20190816_M02_002_Capture 1 - Capture 3 - C2 [144] Montage - 22,3i,2019-08-16,,HPRT1-B1,COL2A1-B4,5500000014,AICS-75,32,
1273,109,C2,/allen/aics/assay-dev/MicroscopyData/Melissa/2019/20190816/63x_exports/20190816_M02_002_Capture 1 - Capture 3 - C2 [144] Montage - 23,3i,2019-08-16,,HPRT1-B1,COL2A1-B4,5500000014,AICS-75,32,
1274,109,C2,/allen/aics/assay-dev/MicroscopyData/Melissa/2019/20190816/63x_exports/20190816_M02_002_Capture 1 - Capture 3 - C2 [144] Montage - 24,3i,2019-08-16,,HPRT1-B1,COL2A1-B4,5500000014,AICS-75,32,
1275,109,C2,/allen/aics/assay-dev/MicroscopyData/Melissa/2019/20190816/63x_exports/20190816_M02_002_Capture 1 - Capture 3 - C2 [144] Montage - 25,3i,2019-08-16,,HPRT1-B1,COL2A1-B4,5500000014,AICS-75,32,
1276,109,C2,/allen/aics/assay-dev/MicroscopyData/Melissa/2019/20190816/63x_exports/20190816_M02_002_Capture 1 - Capture 3 - C2 [144] Montage - 26,3i,2019-08-16,,HPRT1-B1,COL2A1-B4,5500000014,AICS-75,32,
1277,109,C2,/allen/aics/assay-dev/MicroscopyData/Melissa/2019/20190816/63x_exports/20190816_M02_002_Capture 1 - Capture 3 - C2 [144] Montage - 27,3i,2019-08-16,,HPRT1-B1,COL2A1-B4,5500000014,AICS-75,32,
1278,109,C2,/allen/aics/assay-dev/MicroscopyData/Melissa/2019/20190816/63x_exports/20190816_M02_002_Capture 1 - Capture 3 - C2 [144] Montage - 28,3i,2019-08-16,,HPRT1-B1,COL2A1-B4,5500000014,AICS-75,32,
1279,109,C2,/allen/aics/assay-dev/MicroscopyData/Melissa/2019/20190816/63x_exports/20190816_M02_002_Capture 1 - Capture 3 - C2 [144] Montage - 29,3i,2019-08-16,,HPRT1-B1,COL2A1-B4,5500000014,AICS-75,32,
1280,109,C2,/allen/aics/assay-dev/MicroscopyData/Melissa/2019/20190816/63x_exports/20190816_M02_002_Capture 1 - Capture 3 - C2 [144] Montage - 3,3i,2019-08-16,,HPRT1-B1,COL2A1-B4,5500000014,AICS-75,32,
1281,109,C2,/allen/aics/assay-dev/MicroscopyData/Melissa/2019/20190816/63x_exports/20190816_M02_002_Capture 1 - Capture 3 - C2 [144] Montage - 30,3i,2019-08-16,,HPRT1-B1,COL2A1-B4,5500000014,AICS-75,32,
1282,109,C2,/allen/aics/assay-dev/MicroscopyData/Melissa/2019/20190816/63x_exports/20190816_M02_002_Capture 1 - Capture 3 - C2 [144] Montage - 4,3i,2019-08-16,,HPRT1-B1,COL2A1-B4,5500000014,AICS-75,32,
1283,109,C2,/allen/aics/assay-dev/MicroscopyData/Melissa/2019/20190816/63x_exports/20190816_M02_002_Capture 1 - Capture 3 - C2 [144] Montage - 5,3i,2019-08-16,,HPRT1-B1,COL2A1-B4,5500000014,AICS-75,32,
1284,109,C2,/allen/aics/assay-dev/MicroscopyData/Melissa/2019/20190816/63x_exports/20190816_M02_002_Capture 1 - Capture 3 - C2 [144] Montage - 6,3i,2019-08-16,,HPRT1-B1,COL2A1-B4,5500000014,AICS-75,32,
1285,109,C2,/allen/aics/assay-dev/MicroscopyData/Melissa/2019/20190816/63x_exports/20190816_M02_002_Capture 1 - Capture 3 - C2 [144] Montage - 7,3i,2019-08-16,,HPRT1-B1,COL2A1-B4,5500000014,AICS-75,32,
1286,109,C2,/allen/aics/assay-dev/MicroscopyData/Melissa/2019/20190816/63x_exports/20190816_M02_002_Capture 1 - Capture 3 - C2 [144] Montage - 8,3i,2019-08-16,,HPRT1-B1,COL2A1-B4,5500000014,AICS-75,32,
1287,109,C2,/allen/aics/assay-dev/MicroscopyData/Melissa/2019/20190816/63x_exports/20190816_M02_002_Capture 1 - Capture 3 - C2 [144] Montage - 9,3i,2019-08-16,,HPRT1-B1,COL2A1-B4,5500000014,AICS-75,32,
1288,110,C3,/allen/aics/assay-dev/MicroscopyData/Melissa/2019/20190816/63x_exports/20190816_M02_002_Capture 1 - Capture 3 - C3 [144] Montage - 1,3i,2019-08-16,,MYH6-B1,MYH7-B4,5500000014,AICS-75,32,
1289,110,C3,/allen/aics/assay-dev/MicroscopyData/Melissa/2019/20190816/63x_exports/20190816_M02_002_Capture 1 - Capture 3 - C3 [144] Montage - 10,3i,2019-08-16,,MYH6-B1,MYH7-B4,5500000014,AICS-75,32,
1290,110,C3,/allen/aics/assay-dev/MicroscopyData/Melissa/2019/20190816/63x_exports/20190816_M02_002_Capture 1 - Capture 3 - C3 [144] Montage - 11,3i,2019-08-16,,MYH6-B1,MYH7-B4,5500000014,AICS-75,32,
1291,110,C3,/allen/aics/assay-dev/MicroscopyData/Melissa/2019/20190816/63x_exports/20190816_M02_002_Capture 1 - Capture 3 - C3 [144] Montage - 12,3i,2019-08-16,,MYH6-B1,MYH7-B4,5500000014,AICS-75,32,
1292,110,C3,/allen/aics/assay-dev/MicroscopyData/Melissa/2019/20190816/63x_exports/20190816_M02_002_Capture 1 - Capture 3 - C3 [144] Montage - 13,3i,2019-08-16,,MYH6-B1,MYH7-B4,5500000014,AICS-75,32,
1293,110,C3,/allen/aics/assay-dev/MicroscopyData/Melissa/2019/20190816/63x_exports/20190816_M02_002_Capture 1 - Capture 3 - C3 [144] Montage - 14,3i,2019-08-16,,MYH6-B1,MYH7-B4,5500000014,AICS-75,32,
1294,110,C3,/allen/aics/assay-dev/MicroscopyData/Melissa/2019/20190816/63x_exports/20190816_M02_002_Capture 1 - Capture 3 - C3 [144] Montage - 15,3i,2019-08-16,,MYH6-B1,MYH7-B4,5500000014,AICS-75,32,
1295,110,C3,/allen/aics/assay-dev/MicroscopyData/Melissa/2019/20190816/63x_exports/20190816_M02_002_Capture 1 - Capture 3 - C3 [144] Montage - 16,3i,2019-08-16,,MYH6-B1,MYH7-B4,5500000014,AICS-75,32,
1296,110,C3,/allen/aics/assay-dev/MicroscopyData/Melissa/2019/20190816/63x_exports/20190816_M02_002_Capture 1 - Capture 3 - C3 [144] Montage - 17,3i,2019-08-16,,MYH6-B1,MYH7-B4,5500000014,AICS-75,32,
1297,110,C3,/allen/aics/assay-dev/MicroscopyData/Melissa/2019/20190816/63x_exports/20190816_M02_002_Capture 1 - Capture 3 - C3 [144] Montage - 18,3i,2019-08-16,,MYH6-B1,MYH7-B4,5500000014,AICS-75,32,
1298,110,C3,/allen/aics/assay-dev/MicroscopyData/Melissa/2019/20190816/63x_exports/20190816_M02_002_Capture 1 - Capture 3 - C3 [144] Montage - 19,3i,2019-08-16,,MYH6-B1,MYH7-B4,5500000014,AICS-75,32,
1299,110,C3,/allen/aics/assay-dev/MicroscopyData/Melissa/2019/20190816/63x_exports/20190816_M02_002_Capture 1 - Capture 3 - C3 [144] Montage - 2,3i,2019-08-16,,MYH6-B1,MYH7-B4,5500000014,AICS-75,32,
1300,110,C3,/allen/aics/assay-dev/MicroscopyData/Melissa/2019/20190816/63x_exports/20190816_M02_002_Capture 1 - Capture 3 - C3 [144] Montage - 20,3i,2019-08-16,,MYH6-B1,MYH7-B4,5500000014,AICS-75,32,
1301,110,C3,/allen/aics/assay-dev/MicroscopyData/Melissa/2019/20190816/63x_exports/20190816_M02_002_Capture 1 - Capture 3 - C3 [144] Montage - 21,3i,2019-08-16,,MYH6-B1,MYH7-B4,5500000014,AICS-75,32,
1302,110,C3,/allen/aics/assay-dev/MicroscopyData/Melissa/2019/20190816/63x_exports/20190816_M02_002_Capture 1 - Capture 3 - C3 [144] Montage - 22,3i,2019-08-16,,MYH6-B1,MYH7-B4,5500000014,AICS-75,32,
1303,110,C3,/allen/aics/assay-dev/MicroscopyData/Melissa/2019/20190816/63x_exports/20190816_M02_002_Capture 1 - Capture 3 - C3 [144] Montage - 23,3i,2019-08-16,,MYH6-B1,MYH7-B4,5500000014,AICS-75,32,
1304,110,C3,/allen/aics/assay-dev/MicroscopyData/Melissa/2019/20190816/63x_exports/20190816_M02_002_Capture 1 - Capture 3 - C3 [144] Montage - 24,3i,2019-08-16,,MYH6-B1,MYH7-B4,5500000014,AICS-75,32,
1305,110,C3,/allen/aics/assay-dev/MicroscopyData/Melissa/2019/20190816/63x_exports/20190816_M02_002_Capture 1 - Capture 3 - C3 [144] Montage - 25,3i,2019-08-16,,MYH6-B1,MYH7-B4,5500000014,AICS-75,32,
1306,110,C3,/allen/aics/assay-dev/MicroscopyData/Melissa/2019/20190816/63x_exports/20190816_M02_002_Capture 1 - Capture 3 - C3 [144] Montage - 26,3i,2019-08-16,,MYH6-B1,MYH7-B4,5500000014,AICS-75,32,
1307,110,C3,/allen/aics/assay-dev/MicroscopyData/Melissa/2019/20190816/63x_exports/20190816_M02_002_Capture 1 - Capture 3 - C3 [144] Montage - 27,3i,2019-08-16,,MYH6-B1,MYH7-B4,5500000014,AICS-75,32,
1308,110,C3,/allen/aics/assay-dev/MicroscopyData/Melissa/2019/20190816/63x_exports/20190816_M02_002_Capture 1 - Capture 3 - C3 [144] Montage - 28,3i,2019-08-16,,MYH6-B1,MYH7-B4,5500000014,AICS-75,32,
1309,110,C3,/allen/aics/assay-dev/MicroscopyData/Melissa/2019/20190816/63x_exports/20190816_M02_002_Capture 1 - Capture 3 - C3 [144] Montage - 29,3i,2019-08-16,,MYH6-B1,MYH7-B4,5500000014,AICS-75,32,
1310,110,C3,/allen/aics/assay-dev/MicroscopyData/Melissa/2019/20190816/63x_exports/20190816_M02_002_Capture 1 - Capture 3 - C3 [144] Montage - 3,3i,2019-08-16,,MYH6-B1,MYH7-B4,5500000014,AICS-75,32,
1311,110,C3,/allen/aics/assay-dev/MicroscopyData/Melissa/2019/20190816/63x_exports/20190816_M02_002_Capture 1 - Capture 3 - C3 [144] Montage - 30,3i,2019-08-16,,MYH6-B1,MYH7-B4,5500000014,AICS-75,32,
1312,110,C3,/allen/aics/assay-dev/MicroscopyData/Melissa/2019/20190816/63x_exports/20190816_M02_002_Capture 1 - Capture 3 - C3 [144] Montage - 4,3i,2019-08-16,,MYH6-B1,MYH7-B4,5500000014,AICS-75,32,
1313,110,C3,/allen/aics/assay-dev/MicroscopyData/Melissa/2019/20190816/63x_exports/20190816_M02_002_Capture 1 - Capture 3 - C3 [144] Montage - 5,3i,2019-08-16,,MYH6-B1,MYH7-B4,5500000014,AICS-75,32,
1314,110,C3,/allen/aics/assay-dev/MicroscopyData/Melissa/2019/20190816/63x_exports/20190816_M02_002_Capture 1 - Capture 3 - C3 [144] Montage - 6,3i,2019-08-16,,MYH6-B1,MYH7-B4,5500000014,AICS-75,32,
1315,110,C3,/allen/aics/assay-dev/MicroscopyData/Melissa/2019/20190816/63x_exports/20190816_M02_002_Capture 1 - Capture 3 - C3 [144] Montage - 7,3i,2019-08-16,,MYH6-B1,MYH7-B4,5500000014,AICS-75,32,
1316,110,C3,/allen/aics/assay-dev/MicroscopyData/Melissa/2019/20190816/63x_exports/20190816_M02_002_Capture 1 - Capture 3 - C3 [144] Montage - 8,3i,2019-08-16,,MYH6-B1,MYH7-B4,5500000014,AICS-75,32,
1317,110,C3,/allen/aics/assay-dev/MicroscopyData/Melissa/2019/20190816/63x_exports/20190816_M02_002_Capture 1 - Capture 3 - C3 [144] Montage - 9,3i,2019-08-16,,MYH6-B1,MYH7-B4,5500000014,AICS-75,32,
1318,111,C4,/allen/aics/assay-dev/MicroscopyData/Melissa/2019/20190816/63x_exports/20190816_M02_002_Capture 1 - Capture 3 - C4 [144] Montage - 1,3i,2019-08-16,,TCAP-B3,BAG3-B4,5500000014,AICS-75,32,
1319,111,C4,/allen/aics/assay-dev/MicroscopyData/Melissa/2019/20190816/63x_exports/20190816_M02_002_Capture 1 - Capture 3 - C4 [144] Montage - 10,3i,2019-08-16,,TCAP-B3,BAG3-B4,5500000014,AICS-75,32,
1320,111,C4,/allen/aics/assay-dev/MicroscopyData/Melissa/2019/20190816/63x_exports/20190816_M02_002_Capture 1 - Capture 3 - C4 [144] Montage - 11,3i,2019-08-16,,TCAP-B3,BAG3-B4,5500000014,AICS-75,32,
1321,111,C4,/allen/aics/assay-dev/MicroscopyData/Melissa/2019/20190816/63x_exports/20190816_M02_002_Capture 1 - Capture 3 - C4 [144] Montage - 12,3i,2019-08-16,,TCAP-B3,BAG3-B4,5500000014,AICS-75,32,
1322,111,C4,/allen/aics/assay-dev/MicroscopyData/Melissa/2019/20190816/63x_exports/20190816_M02_002_Capture 1 - Capture 3 - C4 [144] Montage - 13,3i,2019-08-16,,TCAP-B3,BAG3-B4,5500000014,AICS-75,32,
1323,111,C4,/allen/aics/assay-dev/MicroscopyData/Melissa/2019/20190816/63x_exports/20190816_M02_002_Capture 1 - Capture 3 - C4 [144] Montage - 14,3i,2019-08-16,,TCAP-B3,BAG3-B4,5500000014,AICS-75,32,
1324,111,C4,/allen/aics/assay-dev/MicroscopyData/Melissa/2019/20190816/63x_exports/20190816_M02_002_Capture 1 - Capture 3 - C4 [144] Montage - 15,3i,2019-08-16,,TCAP-B3,BAG3-B4,5500000014,AICS-75,32,
1325,111,C4,/allen/aics/assay-dev/MicroscopyData/Melissa/2019/20190816/63x_exports/20190816_M02_002_Capture 1 - Capture 3 - C4 [144] Montage - 16,3i,2019-08-16,,TCAP-B3,BAG3-B4,5500000014,AICS-75,32,
1326,111,C4,/allen/aics/assay-dev/MicroscopyData/Melissa/2019/20190816/63x_exports/20190816_M02_002_Capture 1 - Capture 3 - C4 [144] Montage - 17,3i,2019-08-16,,TCAP-B3,BAG3-B4,5500000014,AICS-75,32,
1327,111,C4,/allen/aics/assay-dev/MicroscopyData/Melissa/2019/20190816/63x_exports/20190816_M02_002_Capture 1 - Capture 3 - C4 [144] Montage - 18,3i,2019-08-16,,TCAP-B3,BAG3-B4,5500000014,AICS-75,32,
1328,111,C4,/allen/aics/assay-dev/MicroscopyData/Melissa/2019/20190816/63x_exports/20190816_M02_002_Capture 1 - Capture 3 - C4 [144] Montage - 19,3i,2019-08-16,,TCAP-B3,BAG3-B4,5500000014,AICS-75,32,
1329,111,C4,/allen/aics/assay-dev/MicroscopyData/Melissa/2019/20190816/63x_exports/20190816_M02_002_Capture 1 - Capture 3 - C4 [144] Montage - 2,3i,2019-08-16,,TCAP-B3,BAG3-B4,5500000014,AICS-75,32,
1330,111,C4,/allen/aics/assay-dev/MicroscopyData/Melissa/2019/20190816/63x_exports/20190816_M02_002_Capture 1 - Capture 3 - C4 [144] Montage - 20,3i,2019-08-16,,TCAP-B3,BAG3-B4,5500000014,AICS-75,32,
1331,111,C4,/allen/aics/assay-dev/MicroscopyData/Melissa/2019/20190816/63x_exports/20190816_M02_002_Capture 1 - Capture 3 - C4 [144] Montage - 21,3i,2019-08-16,,TCAP-B3,BAG3-B4,5500000014,AICS-75,32,
1332,111,C4,/allen/aics/assay-dev/MicroscopyData/Melissa/2019/20190816/63x_exports/20190816_M02_002_Capture 1 - Capture 3 - C4 [144] Montage - 22,3i,2019-08-16,,TCAP-B3,BAG3-B4,5500000014,AICS-75,32,
1333,111,C4,/allen/aics/assay-dev/MicroscopyData/Melissa/2019/20190816/63x_exports/20190816_M02_002_Capture 1 - Capture 3 - C4 [144] Montage - 23,3i,2019-08-16,,TCAP-B3,BAG3-B4,5500000014,AICS-75,32,
1334,111,C4,/allen/aics/assay-dev/MicroscopyData/Melissa/2019/20190816/63x_exports/20190816_M02_002_Capture 1 - Capture 3 - C4 [144] Montage - 24,3i,2019-08-16,,TCAP-B3,BAG3-B4,5500000014,AICS-75,32,
1335,111,C4,/allen/aics/assay-dev/MicroscopyData/Melissa/2019/20190816/63x_exports/20190816_M02_002_Capture 1 - Capture 3 - C4 [144] Montage - 25,3i,2019-08-16,,TCAP-B3,BAG3-B4,5500000014,AICS-75,32,
1336,111,C4,/allen/aics/assay-dev/MicroscopyData/Melissa/2019/20190816/63x_exports/20190816_M02_002_Capture 1 - Capture 3 - C4 [144] Montage - 26,3i,2019-08-16,,TCAP-B3,BAG3-B4,5500000014,AICS-75,32,
1337,111,C4,/allen/aics/assay-dev/MicroscopyData/Melissa/2019/20190816/63x_exports/20190816_M02_002_Capture 1 - Capture 3 - C4 [144] Montage - 27,3i,2019-08-16,,TCAP-B3,BAG3-B4,5500000014,AICS-75,32,
1338,111,C4,/allen/aics/assay-dev/MicroscopyData/Melissa/2019/20190816/63x_exports/20190816_M02_002_Capture 1 - Capture 3 - C4 [144] Montage - 28,3i,2019-08-16,,TCAP-B3,BAG3-B4,5500000014,AICS-75,32,
1339,111,C4,/allen/aics/assay-dev/MicroscopyData/Melissa/2019/20190816/63x_exports/20190816_M02_002_Capture 1 - Capture 3 - C4 [144] Montage - 29,3i,2019-08-16,,TCAP-B3,BAG3-B4,5500000014,AICS-75,32,
1340,111,C4,/allen/aics/assay-dev/MicroscopyData/Melissa/2019/20190816/63x_exports/20190816_M02_002_Capture 1 - Capture 3 - C4 [144] Montage - 3,3i,2019-08-16,,TCAP-B3,BAG3-B4,5500000014,AICS-75,32,
1341,111,C4,/allen/aics/assay-dev/MicroscopyData/Melissa/2019/20190816/63x_exports/20190816_M02_002_Capture 1 - Capture 3 - C4 [144] Montage - 30,3i,2019-08-16,,TCAP-B3,BAG3-B4,5500000014,AICS-75,32,
1342,111,C4,/allen/aics/assay-dev/MicroscopyData/Melissa/2019/20190816/63x_exports/20190816_M02_002_Capture 1 - Capture 3 - C4 [144] Montage - 4,3i,2019-08-16,,TCAP-B3,BAG3-B4,5500000014,AICS-75,32,
1343,111,C4,/allen/aics/assay-dev/MicroscopyData/Melissa/2019/20190816/63x_exports/20190816_M02_002_Capture 1 - Capture 3 - C4 [144] Montage - 5,3i,2019-08-16,,TCAP-B3,BAG3-B4,5500000014,AICS-75,32,
1344,111,C4,/allen/aics/assay-dev/MicroscopyData/Melissa/2019/20190816/63x_exports/20190816_M02_002_Capture 1 - Capture 3 - C4 [144] Montage - 6,3i,2019-08-16,,TCAP-B3,BAG3-B4,5500000014,AICS-75,32,
1345,111,C4,/allen/aics/assay-dev/MicroscopyData/Melissa/2019/20190816/63x_exports/20190816_M02_002_Capture 1 - Capture 3 - C4 [144] Montage - 7,3i,2019-08-16,,TCAP-B3,BAG3-B4,5500000014,AICS-75,32,
1346,111,C4,/allen/aics/assay-dev/MicroscopyData/Melissa/2019/20190816/63x_exports/20190816_M02_002_Capture 1 - Capture 3 - C4 [144] Montage - 8,3i,2019-08-16,,TCAP-B3,BAG3-B4,5500000014,AICS-75,32,
1347,111,C4,/allen/aics/assay-dev/MicroscopyData/Melissa/2019/20190816/63x_exports/20190816_M02_002_Capture 1 - Capture 3 - C4 [144] Montage - 9,3i,2019-08-16,,TCAP-B3,BAG3-B4,5500000014,AICS-75,32,
1348,112,C5,/allen/aics/assay-dev/MicroscopyData/Melissa/2019/20190816/63x_exports/20190816_M02_002_Capture 1 - Capture 3 - C5 [144] Montage - 1,3i,2019-08-16,,ATP2A2-B1,H19-B3,5500000014,AICS-75,32,
1349,112,C5,/allen/aics/assay-dev/MicroscopyData/Melissa/2019/20190816/63x_exports/20190816_M02_002_Capture 1 - Capture 3 - C5 [144] Montage - 10,3i,2019-08-16,,ATP2A2-B1,H19-B3,5500000014,AICS-75,32,
1350,112,C5,/allen/aics/assay-dev/MicroscopyData/Melissa/2019/20190816/63x_exports/20190816_M02_002_Capture 1 - Capture 3 - C5 [144] Montage - 11,3i,2019-08-16,,ATP2A2-B1,H19-B3,5500000014,AICS-75,32,
1351,112,C5,/allen/aics/assay-dev/MicroscopyData/Melissa/2019/20190816/63x_exports/20190816_M02_002_Capture 1 - Capture 3 - C5 [144] Montage - 12,3i,2019-08-16,,ATP2A2-B1,H19-B3,5500000014,AICS-75,32,
1352,112,C5,/allen/aics/assay-dev/MicroscopyData/Melissa/2019/20190816/63x_exports/20190816_M02_002_Capture 1 - Capture 3 - C5 [144] Montage - 13,3i,2019-08-16,,ATP2A2-B1,H19-B3,5500000014,AICS-75,32,
1353,112,C5,/allen/aics/assay-dev/MicroscopyData/Melissa/2019/20190816/63x_exports/20190816_M02_002_Capture 1 - Capture 3 - C5 [144] Montage - 14,3i,2019-08-16,,ATP2A2-B1,H19-B3,5500000014,AICS-75,32,
1354,112,C5,/allen/aics/assay-dev/MicroscopyData/Melissa/2019/20190816/63x_exports/20190816_M02_002_Capture 1 - Capture 3 - C5 [144] Montage - 15,3i,2019-08-16,,ATP2A2-B1,H19-B3,5500000014,AICS-75,32,
1355,112,C5,/allen/aics/assay-dev/MicroscopyData/Melissa/2019/20190816/63x_exports/20190816_M02_002_Capture 1 - Capture 3 - C5 [144] Montage - 16,3i,2019-08-16,,ATP2A2-B1,H19-B3,5500000014,AICS-75,32,
1356,112,C5,/allen/aics/assay-dev/MicroscopyData/Melissa/2019/20190816/63x_exports/20190816_M02_002_Capture 1 - Capture 3 - C5 [144] Montage - 17,3i,2019-08-16,,ATP2A2-B1,H19-B3,5500000014,AICS-75,32,
1357,112,C5,/allen/aics/assay-dev/MicroscopyData/Melissa/2019/20190816/63x_exports/20190816_M02_002_Capture 1 - Capture 3 - C5 [144] Montage - 18,3i,2019-08-16,,ATP2A2-B1,H19-B3,5500000014,AICS-75,32,
1358,112,C5,/allen/aics/assay-dev/MicroscopyData/Melissa/2019/20190816/63x_exports/20190816_M02_002_Capture 1 - Capture 3 - C5 [144] Montage - 19,3i,2019-08-16,,ATP2A2-B1,H19-B3,5500000014,AICS-75,32,
1359,112,C5,/allen/aics/assay-dev/MicroscopyData/Melissa/2019/20190816/63x_exports/20190816_M02_002_Capture 1 - Capture 3 - C5 [144] Montage - 2,3i,2019-08-16,,ATP2A2-B1,H19-B3,5500000014,AICS-75,32,
1361,112,C5,/allen/aics/assay-dev/MicroscopyData/Melissa/2019/20190816/63x_exports/20190816_M02_002_Capture 1 - Capture 3 - C5 [144] Montage - 21,3i,2019-08-16,,ATP2A2-B1,H19-B3,5500000014,AICS-75,32,
1362,112,C5,/allen/aics/assay-dev/MicroscopyData/Melissa/2019/20190816/63x_exports/20190816_M02_002_Capture 1 - Capture 3 - C5 [144] Montage - 22,3i,2019-08-16,,ATP2A2-B1,H19-B3,5500000014,AICS-75,32,
1363,112,C5,/allen/aics/assay-dev/MicroscopyData/Melissa/2019/20190816/63x_exports/20190816_M02_002_Capture 1 - Capture 3 - C5 [144] Montage - 23,3i,2019-08-16,,ATP2A2-B1,H19-B3,5500000014,AICS-75,32,
1364,112,C5,/allen/aics/assay-dev/MicroscopyData/Melissa/2019/20190816/63x_exports/20190816_M02_002_Capture 1 - Capture 3 - C5 [144] Montage - 24,3i,2019-08-16,,ATP2A2-B1,H19-B3,5500000014,AICS-75,32,
1365,112,C5,/allen/aics/assay-dev/MicroscopyData/Melissa/2019/20190816/63x_exports/20190816_M02_002_Capture 1 - Capture 3 - C5 [144] Montage - 25,3i,2019-08-16,,ATP2A2-B1,H19-B3,5500000014,AICS-75,32,
1366,112,C5,/allen/aics/assay-dev/MicroscopyData/Melissa/2019/20190816/63x_exports/20190816_M02_002_Capture 1 - Capture 3 - C5 [144] Montage - 26,3i,2019-08-16,,ATP2A2-B1,H19-B3,5500000014,AICS-75,32,
1367,112,C5,/allen/aics/assay-dev/MicroscopyData/Melissa/2019/20190816/63x_exports/20190816_M02_002_Capture 1 - Capture 3 - C5 [144] Montage - 27,3i,2019-08-16,,ATP2A2-B1,H19-B3,5500000014,AICS-75,32,
1368,112,C5,/allen/aics/assay-dev/MicroscopyData/Melissa/2019/20190816/63x_exports/20190816_M02_002_Capture 1 - Capture 3 - C5 [144] Montage - 28,3i,2019-08-16,,ATP2A2-B1,H19-B3,5500000014,AICS-75,32,
1369,112,C5,/allen/aics/assay-dev/MicroscopyData/Melissa/2019/20190816/63x_exports/20190816_M02_002_Capture 1 - Capture 3 - C5 [144] Montage - 29,3i,2019-08-16,,ATP2A2-B1,H19-B3,5500000014,AICS-75,32,
1370,112,C5,/allen/aics/assay-dev/MicroscopyData/Melissa/2019/20190816/63x_exports/20190816_M02_002_Capture 1 - Capture 3 - C5 [144] Montage - 3,3i,2019-08-16,,ATP2A2-B1,H19-B3,5500000014,AICS-75,32,
1371,112,C5,/allen/aics/assay-dev/MicroscopyData/Melissa/2019/20190816/63x_exports/20190816_M02_002_Capture 1 - Capture 3 - C5 [144] Montage - 30,3i,2019-08-16,,ATP2A2-B1,H19-B3,5500000014,AICS-75,32,
1372,112,C5,/allen/aics/assay-dev/MicroscopyData/Melissa/2019/20190816/63x_exports/20190816_M02_002_Capture 1 - Capture 3 - C5 [144] Montage - 4,3i,2019-08-16,,ATP2A2-B1,H19-B3,5500000014,AICS-75,32,
1373,112,C5,/allen/aics/assay-dev/MicroscopyData/Melissa/2019/20190816/63x_exports/20190816_M02_002_Capture 1 - Capture 3 - C5 [144] Montage - 5,3i,2019-08-16,,ATP2A2-B1,H19-B3,5500000014,AICS-75,32,
1374,112,C5,/allen/aics/assay-dev/MicroscopyData/Melissa/2019/20190816/63x_exports/20190816_M02_002_Capture 1 - Capture 3 - C5 [144] Montage - 6,3i,2019-08-16,,ATP2A2-B1,H19-B3,5500000014,AICS-75,32,
1375,112,C5,/allen/aics/assay-dev/MicroscopyData/Melissa/2019/20190816/63x_exports/20190816_M02_002_Capture 1 - Capture 3 - C5 [144] Montage - 7,3i,2019-08-16,,ATP2A2-B1,H19-B3,5500000014,AICS-75,32,
1377,112,C5,/allen/aics/assay-dev/MicroscopyData/Melissa/2019/20190816/63x_exports/20190816_M02_002_Capture 1 - Capture 3 - C5 [144] Montage - 9,3i,2019-08-16,,ATP2A2-B1,H19-B3,5500000014,AICS-75,32,
1376,112,C5,/allen/aics/assay-dev/MicroscopyData/Melissa/2019/20190816/63x_exports/20190816_M02_002_Capture 1 - Capture 3 - C5 [144] Montage - 8,3i,2019-08-16,,ATP2A2-B1,H19-B3,5500000014,AICS-75,32,
1360,112,C5,/allen/aics/assay-dev/MicroscopyData/Melissa/2019/20190816/63x_exports/20190816_M02_002_Capture 1 - Capture 3 - C5 [144] Montage - 20,3i,2019-08-16,,ATP2A2-B1,H19-B3,5500000014,AICS-75,32,
